transform,font-family,font-size,node,x,y
matrix(1 0 0 1 173.0117 103.3154),'ArialMT',8,337,173.0117,103.3154
matrix(1 0 0 1 165.8916 96.5474),'ArialMT',8,338,165.8916,96.5474
matrix(1 0 0 1 433.3398 570.1797),'ArialMT',8,1,433.3398,570.1797
matrix(1 0 0 1 413.0117 485.8516),'ArialMT',8,2,413.0117,485.8516
matrix(1 0 0 1 483.2441 493.1797),'ArialMT',8,3,483.2441,493.1797
matrix(1 0 0 1 447.7959 524.9072),'ArialMT',8,4,447.7959,524.9072
matrix(1 0 0 1 505.5156 561.1875),'ArialMT',8,5,505.5156,561.1875
matrix(1 0 0 1 574.5557 535.9395),'ArialMT',8,6,574.5557,535.9395
matrix(1 0 0 1 559.8359 467.0518),'ArialMT',8,7,559.8359,467.0518
matrix(1 0 0 1 580.0762 418.4277),'ArialMT',8,8,580.0762,418.4277
matrix(1 0 0 1 510.748 384.627),'ArialMT',8,9,510.748,384.627
matrix(1 0 0 1 471.6035 445.0195),'ArialMT',8,10,471.6035,445.0195
matrix(1 0 0 1 599.9561 377.5391),'ArialMT',8,11,599.9561,377.5391
matrix(1 0 0 1 409.5801 389.7393),'ArialMT',8,12,409.5801,389.7393
matrix(1 0 0 1 447.9395 385.3076),'ArialMT',8,13,447.9395,385.3076
matrix(1 0 0 1 425.124 406.5791),'ArialMT',8,14,425.124,406.5791
matrix(1 0 0 1 471.9639 376.8516),'ArialMT',8,15,471.9639,376.8516
matrix(1 0 0 1 483.0918 290.8755),'ArialMT',8,16,483.0918,290.8755
matrix(1 0 0 1 479.0518 349.4995),'ArialMT',8,17,479.0518,349.4995
matrix(1 0 0 1 649.8037 478.667),'ArialMT',8,18,649.8037,478.667
matrix(1 0 0 1 608.6357 428.1875),'ArialMT',8,19,608.6357,428.1875
matrix(1 0 0 1 657.4756 435.2197),'ArialMT',8,20,657.4756,435.2197
matrix(1 0 0 1 622.0273 500.0674),'ArialMT',8,21,622.0273,500.0674
matrix(1 0 0 1 558.9473 330.7476),'ArialMT',8,22,558.9473,330.7476
matrix(1 0 0 1 512.54 302.2036),'ArialMT',8,23,512.54,302.2036
matrix(1 0 0 1 522.9395 339.0996),'ArialMT',8,24,522.9395,339.0996
matrix(1 0 0 1 457.8838 326.9956),'ArialMT',8,25,457.8838,326.9956
matrix(1 0 0 1 456.6113 361.8271),'ArialMT',8,26,456.6113,361.8271
matrix(1 0 0 1 606.5234 170.5796),'ArialMT',8,27,606.5234,170.5796
matrix(1 0 0 1 641.0762 238.9072),'ArialMT',8,28,641.0762,238.9072
matrix(1 0 0 1 585.0273 210.1396),'ArialMT',8,29,585.0273,210.1396
matrix(1 0 0 1 614.4277 314.0513),'ArialMT',8,30,614.4277,314.0513
matrix(1 0 0 1 650.0996 272.5635),'ArialMT',8,31,650.0996,272.5635
matrix(1 0 0 1 537.8916 258.3232),'ArialMT',8,32,537.8916,258.3232
matrix(1 0 0 1 544.6836 212.9316),'ArialMT',8,33,544.6836,212.9316
matrix(1 0 0 1 540.6836 180.2515),'ArialMT',8,34,540.6836,180.2515
matrix(1 0 0 1 393.0439 478.7393),'ArialMT',8,35,393.0439,478.7393
matrix(1 0 0 1 372.8516 488.707),'ArialMT',8,36,372.8516,488.707
matrix(1 0 0 1 488.292 121.8916),'ArialMT',8,37,488.292,121.8916
matrix(1 0 0 1 497.2754 146.9316),'ArialMT',8,38,497.2754,146.9316
matrix(1 0 0 1 338.1157 201.2192),'ArialMT',8,39,338.1157,201.2192
matrix(1 0 0 1 322.9077 168.2832),'ArialMT',8,40,322.9077,168.2832
matrix(1 0 0 1 378.5723 166.1313),'ArialMT',8,41,378.5723,166.1313
matrix(1 0 0 1 301.7637 136.5874),'ArialMT',8,42,301.7637,136.5874
matrix(1 0 0 1 282.2998 120.1475),'ArialMT',8,43,282.2998,120.1475
matrix(1 0 0 1 242.8677 94.4995),'ArialMT',8,44,242.8677,94.4995
matrix(1 0 0 1 316.6758 106.7715),'ArialMT',8,45,316.6758,106.7715
matrix(1 0 0 1 481.7002 147.5635),'ArialMT',8,46,481.7002,147.5635
matrix(1 0 0 1 499.4033 214.8433),'ArialMT',8,47,499.4033,214.8433
matrix(1 0 0 1 469.54 238.1953),'ArialMT',8,48,469.54,238.1953
matrix(1 0 0 1 411.1475 219.2031),'ArialMT',8,49,411.1475,219.2031
matrix(1 0 0 1 405.3955 247.1875),'ArialMT',8,50,405.3955,247.1875
matrix(1 0 0 1 283.0518 232.8672),'ArialMT',8,51,283.0518,232.8672
matrix(1 0 0 1 296.1235 204.6113),'ArialMT',8,52,296.1235,204.6113
matrix(1 0 0 1 216.9878 163.1392),'ArialMT',8,53,216.9878,163.1392
matrix(1 0 0 1 254.2437 231.6514),'ArialMT',8,54,254.2437,231.6514
matrix(1 0 0 1 215.9639 244.9312),'ArialMT',8,55,215.9639,244.9312
matrix(1 0 0 1 191.0356 216.8911),'ArialMT',8,56,191.0356,216.8911
matrix(1 0 0 1 237.084 253.4912),'ArialMT',8,57,237.084,253.4912
matrix(1 0 0 1 306.5317 233.6035),'ArialMT',8,58,306.5317,233.6035
matrix(1 0 0 1 203.9478 286.5151),'ArialMT',8,59,203.9478,286.5151
matrix(1 0 0 1 401.9395 269.8672),'ArialMT',8,60,401.9395,269.8672
matrix(1 0 0 1 439.1475 283.5234),'ArialMT',8,61,439.1475,283.5234
matrix(1 0 0 1 458.3398 276.6753),'ArialMT',8,62,458.3398,276.6753
matrix(1 0 0 1 383.0039 266.0435),'ArialMT',8,63,383.0039,266.0435
matrix(1 0 0 1 364.3154 237.6274),'ArialMT',8,64,364.3154,237.6274
matrix(1 0 0 1 342.708 226.0674),'ArialMT',8,65,342.708,226.0674
matrix(1 0 0 1 219.7876 276.1313),'ArialMT',8,66,219.7876,276.1313
matrix(1 0 0 1 203.5317 270.9795),'ArialMT',8,67,203.5317,270.9795
matrix(1 0 0 1 188.5 248.0835),'ArialMT',8,68,188.5,248.0835
matrix(1 0 0 1 166.6519 257.8433),'ArialMT',8,69,166.6519,257.8433
matrix(1 0 0 1 169.252 283.9873),'ArialMT',8,70,169.252,283.9873
matrix(1 0 0 1 143.2837 250.0513),'ArialMT',8,71,143.2837,250.0513
matrix(1 0 0 1 175.4116 231.3071),'ArialMT',8,72,175.4116,231.3071
matrix(1 0 0 1 329.708 252.6675),'ArialMT',8,73,329.708,252.6675
matrix(1 0 0 1 312.3398 274.8354),'ArialMT',8,74,312.3398,274.8354
matrix(1 0 0 1 287.8276 252.1953),'ArialMT',8,75,287.8276,252.1953
matrix(1 0 0 1 274.8999 268.0034),'ArialMT',8,76,274.8999,268.0034
matrix(1 0 0 1 300.1396 323.1475),'ArialMT',8,77,300.1396,323.1475
matrix(1 0 0 1 286.3315 295.4995),'ArialMT',8,78,286.3315,295.4995
matrix(1 0 0 1 384.7881 308.8916),'ArialMT',8,79,384.7881,308.8916
matrix(1 0 0 1 355.8594 280.1553),'ArialMT',8,80,355.8594,280.1553
matrix(1 0 0 1 353.6758 294.9634),'ArialMT',8,81,353.6758,294.9634
matrix(1 0 0 1 351.3315 309.5635),'ArialMT',8,82,351.3315,309.5635
matrix(1 0 0 1 327.9238 311.9712),'ArialMT',8,83,327.9238,311.9712
matrix(1 0 0 1 331.356 297.6113),'ArialMT',8,84,331.356,297.6113
matrix(1 0 0 1 250.876 282.2432),'ArialMT',8,85,250.876,282.2432
matrix(1 0 0 1 257.5879 298.1553),'ArialMT',8,86,257.5879,298.1553
matrix(1 0 0 1 278.0996 287.2354),'ArialMT',8,87,278.0996,287.2354
matrix(1 0 0 1 304.3955 309.6035),'ArialMT',8,88,304.3955,309.6035
matrix(1 0 0 1 311.1636 321.3315),'ArialMT',8,89,311.1636,321.3315
matrix(1 0 0 1 303.7236 302.4995),'ArialMT',8,90,303.7236,302.4995
matrix(1 0 0 1 319.1719 357.9951),'ArialMT',8,91,319.1719,357.9951
matrix(1 0 0 1 264.2437 401.1953),'ArialMT',8,92,264.2437,401.1953
matrix(1 0 0 1 371.6201 338.0752),'ArialMT',8,93,371.6201,338.0752
matrix(1 0 0 1 336.0596 332.7793),'ArialMT',8,94,336.0596,332.7793
matrix(1 0 0 1 310.5879 378.6836),'ArialMT',8,95,310.5879,378.6836
matrix(1 0 0 1 262.9556 325.5557),'ArialMT',8,96,262.9556,325.5557
matrix(1 0 0 1 244.1636 316.7876),'ArialMT',8,97,244.1636,316.7876
matrix(1 0 0 1 269.9238 322.1074),'ArialMT',8,98,269.9238,322.1074
matrix(1 0 0 1 313.4355 346.0752),'ArialMT',8,99,313.4355,346.0752
matrix(1 0 0 1 257.1079 342.0752),'ArialMT',8,100,257.1079,342.0752
matrix(1 0 0 1 209.0039 343.3154),'ArialMT',8,101,209.0039,343.3154
matrix(1 0 0 1 249.8599 381.9951),'ArialMT',8,102,249.8599,381.9951
matrix(1 0 0 1 220.5879 321.6436),'ArialMT',8,103,220.5879,321.6436
matrix(1 0 0 1 311.7075 364.0752),'ArialMT',8,104,311.7075,364.0752
matrix(1 0 0 1 240.7715 387.0273),'ArialMT',8,105,240.7715,387.0273
matrix(1 0 0 1 284.1235 351.3955),'ArialMT',8,106,284.1235,351.3955
matrix(1 0 0 1 257.2676 369.9873),'ArialMT',8,107,257.2676,369.9873
matrix(1 0 0 1 287.5957 384.667),'ArialMT',8,108,287.5957,384.667
matrix(1 0 0 1 187.8438 321.1313),'ArialMT',8,109,187.8438,321.1313
matrix(1 0 0 1 293.5879 430.6357),'ArialMT',8,110,293.5879,430.6357
matrix(1 0 0 1 332.3159 453.7471),'ArialMT',8,111,332.3159,453.7471
matrix(1 0 0 1 253.3076 453.3154),'ArialMT',8,112,253.3076,453.3154
matrix(1 0 0 1 369.0273 426.3955),'ArialMT',8,113,369.0273,426.3955
matrix(1 0 0 1 378.2998 457.123),'ArialMT',8,114,378.2998,457.123
matrix(1 0 0 1 305.4116 426.8037),'ArialMT',8,115,305.4116,426.8037
matrix(1 0 0 1 330.5317 435.291),'ArialMT',8,116,330.5317,435.291
matrix(1 0 0 1 288.3477 463.6592),'ArialMT',8,117,288.3477,463.6592
matrix(1 0 0 1 299.9956 462.0596),'ArialMT',8,118,299.9956,462.0596
matrix(1 0 0 1 345.5479 473.7715),'ArialMT',8,119,345.5479,473.7715
matrix(1 0 0 1 353.6279 419.9629),'ArialMT',8,120,353.6279,419.9629
matrix(1 0 0 1 348.4277 436.3232),'ArialMT',8,121,348.4277,436.3232
matrix(1 0 0 1 338.5078 436.3154),'ArialMT',8,122,338.5078,436.3154
matrix(1 0 0 1 325.0596 388.3789),'ArialMT',8,123,325.0596,388.3789
matrix(1 0 0 1 325.6919 410.4355),'ArialMT',8,124,325.6919,410.4355
matrix(1 0 0 1 278.5396 408.0273),'ArialMT',8,125,278.5396,408.0273
matrix(1 0 0 1 300.3237 409.7949),'ArialMT',8,126,300.3237,409.7949
matrix(1 0 0 1 284.7314 417.1875),'ArialMT',8,127,284.7314,417.1875
matrix(1 0 0 1 347.5479 399.0752),'ArialMT',8,128,347.5479,399.0752
matrix(1 0 0 1 355.5801 377.0352),'ArialMT',8,129,355.5801,377.0352
matrix(1 0 0 1 265.3877 422.4834),'ArialMT',8,130,265.3877,422.4834
matrix(1 0 0 1 316.2197 437.1709),'ArialMT',8,131,316.2197,437.1709
matrix(1 0 0 1 303.5234 449.499),'ArialMT',8,132,303.5234,449.499
matrix(1 0 0 1 244.4199 421.4277),'ArialMT',8,133,244.4199,421.4277
matrix(1 0 0 1 272.0278 439.4912),'ArialMT',8,134,272.0278,439.4912
matrix(1 0 0 1 278.5796 485.0518),'ArialMT',8,135,278.5796,485.0518
matrix(1 0 0 1 312.2437 478.3076),'ArialMT',8,136,312.2437,478.3076
matrix(1 0 0 1 275.6196 461.5391),'ArialMT',8,137,275.6196,461.5391
matrix(1 0 0 1 263.6279 476.9473),'ArialMT',8,138,263.6279,476.9473
matrix(1 0 0 1 245.8999 461.4033),'ArialMT',8,139,245.8999,461.4033
matrix(1 0 0 1 241.4116 445.499),'ArialMT',8,140,241.4116,445.499
matrix(1 0 0 1 327.0835 492.4678),'ArialMT',8,141,327.0835,492.4678
matrix(1 0 0 1 264.0596 409.4434),'ArialMT',8,142,264.0596,409.4434
matrix(1 0 0 1 355.7715 517.4756),'ArialMT',8,143,355.7715,517.4756
matrix(1 0 0 1 377.748 511.3477),'ArialMT',8,144,377.748,511.3477
matrix(1 0 0 1 387.2998 360.459),'ArialMT',8,145,387.2998,360.459
matrix(1 0 0 1 370.8516 401.123),'ArialMT',8,146,370.8516,401.123
matrix(1 0 0 1 331.2598 622.083),'ArialMT',8,147,331.2598,622.083
matrix(1 0 0 1 427.7637 679.5234),'ArialMT',8,148,427.7637,679.5234
matrix(1 0 0 1 309.5718 637.5713),'ArialMT',8,149,309.5718,637.5713
matrix(1 0 0 1 347.0835 662.6836),'ArialMT',8,150,347.0835,662.6836
matrix(1 0 0 1 417.7959 616.9951),'ArialMT',8,151,417.7959,616.9951
matrix(1 0 0 1 350.6035 603.6592),'ArialMT',8,152,350.6035,603.6592
matrix(1 0 0 1 358.8682 579.667),'ArialMT',8,153,358.8682,579.667
matrix(1 0 0 1 360.2998 551.9951),'ArialMT',8,154,360.2998,551.9951
matrix(1 0 0 1 226.7876 531.4355),'ArialMT',8,155,226.7876,531.4355
matrix(1 0 0 1 275.2759 499.1074),'ArialMT',8,156,275.2759,499.1074
matrix(1 0 0 1 193.3076 537.0273),'ArialMT',8,157,193.3076,537.0273
matrix(1 0 0 1 239.6279 491.0596),'ArialMT',8,158,239.6279,491.0596
matrix(1 0 0 1 300.5796 504.123),'ArialMT',8,159,300.5796,504.123
matrix(1 0 0 1 267.668 515.7871),'ArialMT',8,160,267.668,515.7871
matrix(1 0 0 1 247.1958 535.0029),'ArialMT',8,161,247.1958,535.0029
matrix(1 0 0 1 207.4917 544.9473),'ArialMT',8,162,207.4917,544.9473
matrix(1 0 0 1 288.8115 562.459),'ArialMT',8,163,288.8115,562.459
matrix(1 0 0 1 270.7236 537.6992),'ArialMT',8,164,270.7236,537.6992
matrix(1 0 0 1 243.1636 511.9551),'ArialMT',8,165,243.1636,511.9551
matrix(1 0 0 1 227.5557 547.3154),'ArialMT',8,166,227.5557,547.3154
matrix(1 0 0 1 241.0278 548.0596),'ArialMT',8,167,241.0278,548.0596
matrix(1 0 0 1 316.5317 543.6514),'ArialMT',8,168,316.5317,543.6514
matrix(1 0 0 1 222.1079 587.2197),'ArialMT',8,169,222.1079,587.2197
matrix(1 0 0 1 205.3159 574.8838),'ArialMT',8,170,205.3159,574.8838
matrix(1 0 0 1 225.7959 567.1553),'ArialMT',8,171,225.7959,567.1553
matrix(1 0 0 1 191.6196 586.3477),'ArialMT',8,172,191.6196,586.3477
matrix(1 0 0 1 239.2915 602.4277),'ArialMT',8,173,239.2915,602.4277
matrix(1 0 0 1 247.3076 587.0596),'ArialMT',8,174,247.3076,587.0596
matrix(1 0 0 1 257.1875 583.7471),'ArialMT',8,175,257.1875,583.7471
matrix(1 0 0 1 281.292 590.7793),'ArialMT',8,176,281.292,590.7793
matrix(1 0 0 1 271.0356 553.667),'ArialMT',8,177,271.0356,553.667
matrix(1 0 0 1 261.1636 529.6758),'ArialMT',8,178,261.1636,529.6758
matrix(1 0 0 1 204.6436 599.707),'ArialMT',8,179,204.6436,599.707
matrix(1 0 0 1 244.4355 559.1631),'ArialMT',8,180,244.4355,559.1631
matrix(1 0 0 1 236.0518 647.3711),'ArialMT',8,181,236.0518,647.3711
matrix(1 0 0 1 191.5317 554.251),'ArialMT',8,182,191.5317,554.251
matrix(1 0 0 1 173.4438 550.9551),'ArialMT',8,183,173.4438,550.9551
matrix(1 0 0 1 222.3237 522.915),'ArialMT',8,184,222.3237,522.915
matrix(1 0 0 1 305.7158 556.2432),'ArialMT',8,185,305.7158,556.2432
matrix(1 0 0 1 295.7236 547.0518),'ArialMT',8,186,295.7236,547.0518
matrix(1 0 0 1 309.6519 591.3477),'ArialMT',8,187,309.6519,591.3477
matrix(1 0 0 1 176.7637 633.6436),'ArialMT',8,188,176.7637,633.6436
matrix(1 0 0 1 252.4038 487.6357),'ArialMT',8,189,252.4038,487.6357
matrix(1 0 0 1 253.2837 502.3877),'ArialMT',8,190,253.2837,502.3877
matrix(1 0 0 1 180.5957 375.3477),'ArialMT',8,191,180.5957,375.3477
matrix(1 0 0 1 165.5957 412.8037),'ArialMT',8,192,165.5957,412.8037
matrix(1 0 0 1 181.2759 414.4678),'ArialMT',8,193,181.2759,414.4678
matrix(1 0 0 1 170.4277 380.4756),'ArialMT',8,194,170.4277,380.4756
matrix(1 0 0 1 168.4199 399.6035),'ArialMT',8,195,168.4199,399.6035
matrix(1 0 0 1 186.0278 363.3955),'ArialMT',8,196,186.0278,363.3955
matrix(1 0 0 1 135.5156 396.4277),'ArialMT',8,197,135.5156,396.4277
matrix(1 0 0 1 165.6758 363.3311),'ArialMT',8,198,165.6758,363.3311
matrix(1 0 0 1 174.4438 355.499),'ArialMT',8,199,174.4438,355.499
matrix(1 0 0 1 147.46 399.4912),'ArialMT',8,200,147.46,399.4912
matrix(1 0 0 1 150.1318 365.8037),'ArialMT',8,201,150.1318,365.8037
matrix(1 0 0 1 128.6597 381.8438),'ArialMT',8,202,128.6597,381.8438
matrix(1 0 0 1 101.4917 379.8115),'ArialMT',8,203,101.4917,379.8115
matrix(1 0 0 1 36.0439 355.4912),'ArialMT',8,204,36.0439,355.4912
matrix(1 0 0 1 110.1318 342.2915),'ArialMT',8,205,110.1318,342.2915
matrix(1 0 0 1 134.4355 336.1631),'ArialMT',8,206,134.4355,336.1631
matrix(1 0 0 1 61.1157 368.251),'ArialMT',8,207,61.1157,368.251
matrix(1 0 0 1 81.8359 346.0674),'ArialMT',8,208,81.8359,346.0674
matrix(1 0 0 1 149.6758 315.2754),'ArialMT',8,209,149.6758,315.2754
matrix(1 0 0 1 151.4355 343.9072),'ArialMT',8,210,151.4355,343.9072
matrix(1 0 0 1 110.1875 362.875),'ArialMT',8,211,110.1875,362.875
matrix(1 0 0 1 126.1636 298.5396),'ArialMT',8,212,126.1636,298.5396
matrix(1 0 0 1 82.1318 294.9551),'ArialMT',8,213,82.1318,294.9551
matrix(1 0 0 1 222.0596 398.8916),'ArialMT',8,214,222.0596,398.8916
matrix(1 0 0 1 106.0596 532.3477),'ArialMT',8,215,106.0596,532.3477
matrix(1 0 0 1 225.8516 444.0596),'ArialMT',8,216,225.8516,444.0596
matrix(1 0 0 1 180.1479 525.4834),'ArialMT',8,217,180.1479,525.4834
matrix(1 0 0 1 182.1396 503.9717),'ArialMT',8,218,182.1396,503.9717
matrix(1 0 0 1 233.1636 516.123),'ArialMT',8,219,233.1636,516.123
matrix(1 0 0 1 221.8037 509.6035),'ArialMT',8,220,221.8037,509.6035
matrix(1 0 0 1 210.6357 443.5713),'ArialMT',8,221,210.6357,443.5713
matrix(1 0 0 1 227.2759 469.6514),'ArialMT',8,222,227.2759,469.6514
matrix(1 0 0 1 212.668 484.2598),'ArialMT',8,223,212.668,484.2598
matrix(1 0 0 1 213.7397 471.667),'ArialMT',8,224,213.7397,471.667
matrix(1 0 0 1 200.0996 449.2598),'ArialMT',8,225,200.0996,449.2598
matrix(1 0 0 1 211.98 518.0273),'ArialMT',8,226,211.98,518.0273
matrix(1 0 0 1 226.772 486.1074),'ArialMT',8,227,226.772,486.1074
matrix(1 0 0 1 116.6196 518.627),'ArialMT',8,228,116.6196,518.627
matrix(1 0 0 1 198.2036 517.5391),'ArialMT',8,229,198.2036,517.5391
matrix(1 0 0 1 215.4116 500.8516),'ArialMT',8,230,215.4116,500.8516
matrix(1 0 0 1 195.0117 468.6836),'ArialMT',8,231,195.0117,468.6836
matrix(1 0 0 1 188.2119 461.9951),'ArialMT',8,232,188.2119,461.9951
matrix(1 0 0 1 127.2036 493.5869),'ArialMT',8,233,127.2036,493.5869
matrix(1 0 0 1 174.4517 571.0674),'ArialMT',8,234,174.4517,571.0674
matrix(1 0 0 1 114.9077 502.835),'ArialMT',8,235,114.9077,502.835
matrix(1 0 0 1 185.9717 484.6592),'ArialMT',8,236,185.9717,484.6592
matrix(1 0 0 1 196.252 478.3877),'ArialMT',8,237,196.252,478.3877
matrix(1 0 0 1 154.2437 548.1719),'ArialMT',8,238,154.2437,548.1719
matrix(1 0 0 1 199.5078 489.6436),'ArialMT',8,239,199.5078,489.6436
matrix(1 0 0 1 169.9238 496.7949),'ArialMT',8,240,169.9238,496.7949
matrix(1 0 0 1 169.5718 512.5234),'ArialMT',8,241,169.5718,512.5234
matrix(1 0 0 1 162.1958 532.1074),'ArialMT',8,242,162.1958,532.1074
matrix(1 0 0 1 187.8516 497.1318),'ArialMT',8,243,187.8516,497.1318
matrix(1 0 0 1 174.6758 467.4912),'ArialMT',8,244,174.6758,467.4912
matrix(1 0 0 1 135.668 542.2832),'ArialMT',8,245,135.668,542.2832
matrix(1 0 0 1 158.2197 517.3955),'ArialMT',8,246,158.2197,517.3955
matrix(1 0 0 1 156.46 504.6514),'ArialMT',8,247,156.46,504.6514
matrix(1 0 0 1 145.5718 493.9316),'ArialMT',8,248,145.5718,493.9316
matrix(1 0 0 1 146.124 529.459),'ArialMT',8,249,146.124,529.459
matrix(1 0 0 1 153.98 480.5479),'ArialMT',8,250,153.98,480.5479
matrix(1 0 0 1 152.5879 575.9551),'ArialMT',8,251,152.5879,575.9551
matrix(1 0 0 1 217.8677 457.4678),'ArialMT',8,252,217.8677,457.4678
matrix(1 0 0 1 153.2197 464.2998),'ArialMT',8,253,153.2197,464.2998
matrix(1 0 0 1 91.812 558.1553),'ArialMT',8,254,91.812,558.1553
matrix(1 0 0 1 125.6196 526.667),'ArialMT',8,255,125.6196,526.667
matrix(1 0 0 1 105.4199 567.0996),'ArialMT',8,256,105.4199,567.0996
matrix(1 0 0 1 120.6597 561.1074),'ArialMT',8,257,120.6597,561.1074
matrix(1 0 0 1 130.0195 573.5391),'ArialMT',8,258,130.0195,573.5391
matrix(1 0 0 1 175.5879 481.6992),'ArialMT',8,259,175.5879,481.6992
matrix(1 0 0 1 140.356 512.2031),'ArialMT',8,260,140.356,512.2031
matrix(1 0 0 1 163.5239 471.7158),'ArialMT',8,261,163.5239,471.7158
matrix(1 0 0 1 391.916 116.3154),'ArialMT',8,262,391.916,116.3154
matrix(1 0 0 1 185.188 435.1396),'ArialMT',8,263,185.188,435.1396
matrix(1 0 0 1 171.6118 437.3477),'ArialMT',8,264,171.6118,437.3477
matrix(1 0 0 1 150.2437 450.1875),'ArialMT',8,265,150.2437,450.1875
matrix(1 0 0 1 162.4116 443.0996),'ArialMT',8,266,162.4116,443.0996
matrix(1 0 0 1 176.396 407.9551),'ArialMT',8,267,176.396,407.9551
matrix(1 0 0 1 155.2275 386.0195),'ArialMT',8,268,155.2275,386.0195
matrix(1 0 0 1 207.5879 393.1953),'ArialMT',8,269,207.5879,393.1953
matrix(1 0 0 1 191.876 390.7871),'ArialMT',8,270,191.876,390.7871
matrix(1 0 0 1 190.9956 402.4512),'ArialMT',8,271,190.9956,402.4512
matrix(1 0 0 1 177.2437 391.6113),'ArialMT',8,272,177.2437,391.6113
matrix(1 0 0 1 208.46 378.8193),'ArialMT',8,273,208.46,378.8193
matrix(1 0 0 1 209.1479 408.4111),'ArialMT',8,274,209.1479,408.4111
matrix(1 0 0 1 165.5479 459.3154),'ArialMT',8,275,165.5479,459.3154
matrix(1 0 0 1 200.0039 435.9072),'ArialMT',8,276,200.0039,435.9072
matrix(1 0 0 1 212.4438 423.1396),'ArialMT',8,277,212.4438,423.1396
matrix(1 0 0 1 111.6357 410.4912),'ArialMT',8,278,111.6357,410.4912
matrix(1 0 0 1 128.8916 409.8271),'ArialMT',8,279,128.8916,409.8271
matrix(1 0 0 1 114.5 393.0996),'ArialMT',8,280,114.5,393.0996
matrix(1 0 0 1 155.8677 413.4277),'ArialMT',8,281,155.8677,413.4277
matrix(1 0 0 1 92.3877 400.915),'ArialMT',8,282,92.3877,400.915
matrix(1 0 0 1 147.4517 438.1553),'ArialMT',8,283,147.4517,438.1553
matrix(1 0 0 1 146.0117 425.6357),'ArialMT',8,284,146.0117,425.6357
matrix(1 0 0 1 122.6196 432.875),'ArialMT',8,285,122.6196,432.875
matrix(1 0 0 1 100.8115 414.1475),'ArialMT',8,286,100.8115,414.1475
matrix(1 0 0 1 124.772 477.0996),'ArialMT',8,287,124.772,477.0996
matrix(1 0 0 1 122.1479 451.7715),'ArialMT',8,288,122.1479,451.7715
matrix(1 0 0 1 133.9399 453.6191),'ArialMT',8,289,133.9399,453.6191
matrix(1 0 0 1 120.2998 463.9473),'ArialMT',8,290,120.2998,463.9473
matrix(1 0 0 1 94.2119 472.1797),'ArialMT',8,291,94.2119,472.1797
matrix(1 0 0 1 136.98 479.8838),'ArialMT',8,292,136.98,479.8838
matrix(1 0 0 1 109.3877 474.8672),'ArialMT',8,293,109.3877,474.8672
matrix(1 0 0 1 137.8359 461.2676),'ArialMT',8,294,137.8359,461.2676
matrix(1 0 0 1 99.6118 438.1309),'ArialMT',8,295,99.6118,438.1309
matrix(1 0 0 1 164.8999 424.6836),'ArialMT',8,296,164.8999,424.6836
matrix(1 0 0 1 112.8276 441.4512),'ArialMT',8,297,112.8276,441.4512
matrix(1 0 0 1 107.876 451.3232),'ArialMT',8,298,107.876,451.3232
matrix(1 0 0 1 138.5796 415.6836),'ArialMT',8,299,138.5796,415.6836
matrix(1 0 0 1 74.1079 432.1953),'ArialMT',8,300,74.1079,432.1953
matrix(1 0 0 1 180.1958 424.1074),'ArialMT',8,301,180.1958,424.1074
matrix(1 0 0 1 135.9478 440.8916),'ArialMT',8,302,135.9478,440.8916
matrix(1 0 0 1 106.2759 425.3076),'ArialMT',8,303,106.2759,425.3076
matrix(1 0 0 1 62.1636 412.4678),'ArialMT',8,304,62.1636,412.4678
matrix(1 0 0 1 90.7876 456.6836),'ArialMT',8,305,90.7876,456.6836
matrix(1 0 0 1 68.396 453.0195),'ArialMT',8,306,68.396,453.0195
matrix(1 0 0 1 192.0679 419.9795),'ArialMT',8,307,192.0679,419.9795
matrix(1 0 0 1 72.9556 499.7393),'ArialMT',8,308,72.9556,499.7393
matrix(1 0 0 1 64.2358 479.5791),'ArialMT',8,309,64.2358,479.5791
matrix(1 0 0 1 51.8037 481.291),'ArialMT',8,310,51.8037,481.291
matrix(1 0 0 1 85.0918 487.0518),'ArialMT',8,311,85.0918,487.0518
matrix(1 0 0 1 91.4917 498.0352),'ArialMT',8,312,91.4917,498.0352
matrix(1 0 0 1 60.5156 574.3711),'ArialMT',8,313,60.5156,574.3711
matrix(1 0 0 1 53.1558 518.9629),'ArialMT',8,314,53.1558,518.9629
matrix(1 0 0 1 81.8838 529.9951),'ArialMT',8,315,81.8838,529.9951
matrix(1 0 0 1 344.8359 91.7153),'ArialMT',8,316,344.8359,91.7153
matrix(1 0 0 1 308.2676 39.0913),'ArialMT',8,317,308.2676,39.0913
matrix(1 0 0 1 294.5317 56.2114),'ArialMT',8,318,294.5317,56.2114
matrix(1 0 0 1 317.4277 69.1792),'ArialMT',8,319,317.4277,69.1792
matrix(1 0 0 1 331.6597 83.0195),'ArialMT',8,320,331.6597,83.0195
matrix(1 0 0 1 361.9395 66.0596),'ArialMT',8,321,361.9395,66.0596
matrix(1 0 0 1 390.7314 88.7715),'ArialMT',8,322,390.7314,88.7715
matrix(1 0 0 1 403.084 62.0674),'ArialMT',8,323,403.084,62.0674
matrix(1 0 0 1 409.2842 82.7554),'ArialMT',8,324,409.2842,82.7554
matrix(1 0 0 1 408.7881 35.5874),'ArialMT',8,325,408.7881,35.5874
matrix(1 0 0 1 127.396 143.4434),'ArialMT',8,326,127.396,143.4434
matrix(1 0 0 1 81.4756 247.6035),'ArialMT',8,327,81.4756,247.6035
matrix(1 0 0 1 379.4043 105.915),'ArialMT',8,328,379.4043,105.915
matrix(1 0 0 1 405.9482 101.291),'ArialMT',8,329,405.9482,101.291
matrix(1 0 0 1 415.4678 129.6113),'ArialMT',8,330,415.4678,129.6113
matrix(1 0 0 1 438.3877 73.8833),'ArialMT',8,331,438.3877,73.8833
matrix(1 0 0 1 432.1162 98.7153),'ArialMT',8,332,432.1162,98.7153
matrix(1 0 0 1 486.8115 77.2671),'ArialMT',8,333,486.8115,77.2671
matrix(1 0 0 1 203.6919 85.5234),'ArialMT',8,334,203.6919,85.5234
matrix(1 0 0 1 198.0039 104.707),'ArialMT',8,335,198.0039,104.707
matrix(1 0 0 1 186.4038 109.0674),'ArialMT',8,336,186.4038,109.0674
