clip-path,fill,stroke,stroke-width,stroke-linecap,stroke-linejoin,stroke-miterlimit,d,id,x,y,width,height,node
url(#SVGID_1024_),none,#FA0087,0.71,round,round,10,"          M430.53,566.23c0-3.221,2.64-5.86,5.87-5.86c3.22,0,5.859,2.64,5.859,5.86c0,3.229-2.64,5.869-5.859,5.869          C433.17,572.1,430.53,569.46,430.53,566.23",SVGID_1023_,430.175,560.015,12.44,12.44,1
url(#SVGID_1042_),none,#FA0087,0.71,round,round,10,"          M410.46,481.9c0-3.091,2.521-5.61,5.61-5.61c3.08,0,5.6,2.52,5.6,5.61c0,3.08-2.52,5.6-5.6,5.6          C412.98,487.5,410.46,484.98,410.46,481.9",SVGID_1041_,410.105,475.935,11.92,11.921,2
url(#SVGID_1060_),none,#FA0087,0.71,round,round,10,"          M481.57,489.23c0-2.591,2.13-4.721,4.729-4.721c2.59,0,4.72,2.13,4.72,4.721c0,2.6-2.13,4.72-4.72,4.72          C483.7,493.95,481.57,491.83,481.57,489.23",SVGID_1059_,481.215,484.155,10.16,10.149,3
url(#SVGID_1078_),none,#FA0087,0.71,round,round,10,"          M442.89,520.96c0-4.38,3.58-7.96,7.96-7.96c4.381,0,7.96,3.58,7.96,7.96s-3.579,7.96-7.96,7.96          C446.47,528.92,442.89,525.34,442.89,520.96",SVGID_1077_,442.535,512.645,16.63,16.631,4
url(#SVGID_1096_),none,#FA0087,0.71,round,round,10,"          M501.49,557.24c0-3.891,3.189-7.08,7.08-7.08c3.89,0,7.08,3.189,7.08,7.08c0,3.89-3.19,7.08-7.08,7.08          C504.68,564.32,501.49,561.13,501.49,557.24",SVGID_1095_,501.135,549.805,14.87,14.87,5
url(#SVGID_1114_),none,#FA0087,0.71,round,round,10,"          M566.93,531.99c0-5.86,4.811-10.67,10.67-10.67c5.87,0,10.67,4.81,10.67,10.67c0,5.87-4.8,10.67-10.67,10.67          C571.74,542.66,566.93,537.86,566.93,531.99",SVGID_1113_,566.575,520.965,22.05,22.05,6
url(#SVGID_1132_),none,#FA0087,0.71,round,round,10,"          M554.01,463.1c0-4.88,4-8.88,8.88-8.88s8.88,4,8.88,8.88c0,4.891-4,8.881-8.88,8.881S554.01,467.99,554.01,463.1",SVGID_1131_,553.655,453.865,18.47,18.47,7
url(#SVGID_1150_),none,#FA0087,0.71,round,round,10,"          M577.73,414.48c0-2.971,2.43-5.4,5.399-5.4s5.4,2.43,5.4,5.4c0,2.97-2.431,5.399-5.4,5.399S577.73,417.45,577.73,414.48",SVGID_1149_,577.375,408.725,11.51,11.511,8
url(#SVGID_1168_),none,#FA0087,0.71,round,round,10,"          M506.86,380.68c0-3.81,3.12-6.93,6.93-6.93c3.82,0,6.94,3.12,6.94,6.93c0,3.811-3.12,6.931-6.94,6.931          C509.98,387.61,506.86,384.49,506.86,380.68",SVGID_1167_,506.505,373.395,14.58,14.57,9
url(#SVGID_1186_),none,#FA0087,0.71,round,round,10,"          M471.75,441.07c0-3.29,2.68-5.971,5.97-5.971c3.28,0,5.971,2.681,5.971,5.971c0,3.279-2.69,5.97-5.971,5.97          C474.43,447.04,471.75,444.35,471.75,441.07",SVGID_1185_,471.395,434.745,12.65,12.649,10
url(#SVGID_1204_),none,#FA0087,0.71,round,round,10,"          M602.45,373.59c0-1.99,1.62-3.609,3.62-3.609c1.989,0,3.609,1.619,3.609,3.609c0,2-1.62,3.62-3.609,3.62          C604.07,377.21,602.45,375.59,602.45,373.59",SVGID_1203_,602.095,369.625,7.94,7.94,11
url(#SVGID_1222_),none,#FA0087,0.71,round,round,10,"          M411.14,385.79c0-2.5,2.051-4.55,4.551-4.55s4.55,2.05,4.55,4.55c0,2.51-2.05,4.56-4.55,4.56S411.14,388.3,411.14,385.79",SVGID_1221_,410.785,380.885,9.81,9.82,12
url(#SVGID_1240_),none,#FA0087,0.71,round,round,10,"          M449.18,381.36c0-2.67,2.19-4.86,4.87-4.86c2.67,0,4.86,2.19,4.86,4.86c0,2.68-2.19,4.87-4.86,4.87          C451.37,386.23,449.18,384.04,449.18,381.36",SVGID_1239_,448.825,376.145,10.439,10.44,13
url(#SVGID_1258_),none,#FA0087,0.71,round,round,10,"          M425.86,402.63c0-2.95,2.42-5.36,5.359-5.36c2.95,0,5.36,2.41,5.36,5.36s-2.41,5.36-5.36,5.36          C428.28,407.99,425.86,405.58,425.86,402.63",SVGID_1257_,425.505,396.915,11.43,11.43,14
url(#SVGID_1276_),none,#FA0087,0.71,round,round,10,"          M474.51,372.9c0-1.96,1.601-3.561,3.561-3.561c1.949,0,3.55,1.601,3.55,3.561s-1.601,3.56-3.55,3.56          C476.11,376.46,474.51,374.86,474.51,372.9",SVGID_1275_,474.155,368.985,7.819,7.83,15
url(#SVGID_1294_),none,#FA0087,0.71,round,round,10,"          M483.27,286.92c0-3.26,2.66-5.93,5.921-5.93c3.26,0,5.93,2.67,5.93,5.93c0,3.26-2.67,5.93-5.93,5.93          C485.93,292.85,483.27,290.18,483.27,286.92",SVGID_1293_,482.915,280.635,12.56,12.57,16
url(#SVGID_1312_),none,#FA0087,0.71,round,round,10,"          M481.25,345.54c0-2.15,1.76-3.91,3.91-3.91c2.149,0,3.91,1.76,3.91,3.91s-1.761,3.91-3.91,3.91          C483.01,349.45,481.25,347.69,481.25,345.54",SVGID_1311_,480.895,341.275,8.53,8.53,17
url(#SVGID_1330_),none,#FA0087,0.71,round,round,10,"          M652,474.71c0-2.14,1.76-3.9,3.91-3.9c2.14,0,3.899,1.761,3.899,3.9c0,2.15-1.76,3.91-3.899,3.91          C653.76,478.62,652,476.86,652,474.71",SVGID_1329_,651.645,470.455,8.521,8.52,18
url(#SVGID_1348_),none,#FA0087,0.71,round,round,10,"          M608.95,424.23c0-3.19,2.609-5.79,5.79-5.79c3.18,0,5.79,2.6,5.79,5.79c0,3.18-2.61,5.789-5.79,5.789          C611.56,430.02,608.95,427.41,608.95,424.23",SVGID_1347_,608.595,418.085,12.29,12.29,19
url(#SVGID_1366_),none,#FA0087,0.71,round,round,10,"          M657.54,431.26c0-3.319,2.72-6.029,6.04-6.029c3.31,0,6.03,2.71,6.03,6.029c0,3.32-2.721,6.04-6.03,6.04          C660.26,437.3,657.54,434.58,657.54,431.26",SVGID_1365_,657.185,424.875,12.78,12.78,20
url(#SVGID_1384_),none,#FA0087,0.71,round,round,10,"          M624,496.11c0-2.271,1.86-4.13,4.13-4.13c2.271,0,4.13,1.859,4.13,4.13c0,2.27-1.859,4.13-4.13,4.13          C625.86,500.24,624,498.38,624,496.11",SVGID_1383_,623.645,491.625,8.971,8.97,21
url(#SVGID_1402_),none,#FA0087,0.71,round,round,10,"          M559.45,326.79c0-3.08,2.52-5.6,5.6-5.6s5.601,2.52,5.601,5.6c0,3.09-2.521,5.61-5.601,5.61S559.45,329.88,559.45,326.79",SVGID_1401_,559.095,320.835,11.91,11.92,22
url(#SVGID_1420_),none,#FA0087,0.71,round,round,10,"          M514.47,298.25c0-2.29,1.87-4.16,4.16-4.16s4.16,1.87,4.16,4.16s-1.87,4.16-4.16,4.16S514.47,300.54,514.47,298.25",SVGID_1419_,514.115,293.735,9.029,9.03,23
url(#SVGID_1438_),none,#FA0087,0.71,round,round,10,"          M526.1,335.15c0-1.61,1.32-2.92,2.931-2.92c1.609,0,2.93,1.31,2.93,2.92s-1.32,2.93-2.93,2.93          C527.42,338.08,526.1,336.76,526.1,335.15",SVGID_1437_,525.745,331.875,6.57,6.56,24
url(#SVGID_1456_),none,#FA0087,0.71,round,round,10,"          M461.51,323.05c0-1.35,1.11-2.45,2.46-2.45c1.36,0,2.46,1.1,2.46,2.45c0,1.36-1.1,2.46-2.46,2.46          C462.62,325.51,461.51,324.41,461.51,323.05",SVGID_1455_,461.155,320.245,5.63,5.62,25
url(#SVGID_1474_),none,#FA0087,0.71,round,round,10,"          M459.79,357.88c0-1.61,1.31-2.92,2.92-2.92c1.6,0,2.91,1.31,2.91,2.92c0,1.601-1.311,2.92-2.91,2.92          C461.1,360.8,459.79,359.48,459.79,357.88",SVGID_1473_,459.435,354.605,6.54,6.55,26
url(#SVGID_1492_),none,#61E2A4,0.71,round,round,10,"          M608.92,166.63c0-2.03,1.66-3.69,3.69-3.69c2.029,0,3.699,1.66,3.699,3.69c0,2.04-1.67,3.7-3.699,3.7          C610.58,170.33,608.92,168.67,608.92,166.63",SVGID_1491_,608.565,162.585,8.1,8.1,27
url(#SVGID_1510_),none,#61E2A4,0.71,round,round,10,"          M641.46,234.96c0-3.14,2.57-5.71,5.71-5.71s5.71,2.57,5.71,5.71s-2.57,5.71-5.71,5.71S641.46,238.1,641.46,234.96",SVGID_1509_,641.105,228.895,12.13,12.13,28
url(#SVGID_1528_),none,#61E2A4,0.71,round,round,10,"          M585.78,206.19c0-2.93,2.399-5.33,5.33-5.33c2.939,0,5.34,2.4,5.34,5.33c0,2.94-2.4,5.34-5.34,5.34          C588.18,211.53,585.78,209.13,585.78,206.19",SVGID_1527_,585.425,200.505,11.38,11.38,29
url(#SVGID_1546_),none,#61E2A4,0.71,round,round,10,"          M611.3,310.1c0-5.08,4.15-9.23,9.22-9.23c5.07,0,9.23,4.15,9.23,9.23c0,5.07-4.16,9.22-9.23,9.22          C615.45,319.32,611.3,315.17,611.3,310.1",SVGID_1545_,610.945,300.515,19.16,19.16,30
url(#SVGID_1564_),none,#61E2A4,0.71,round,round,10,"          M651.9,268.61c0-2.35,1.93-4.28,4.29-4.28c2.35,0,4.279,1.93,4.279,4.28c0,2.36-1.93,4.29-4.279,4.29          C653.83,272.9,651.9,270.97,651.9,268.61",SVGID_1563_,651.545,263.975,9.28,9.28,31
url(#SVGID_1582_),none,#61E2A4,0.71,round,round,10,"          M537.57,254.37c0-3.52,2.89-6.41,6.41-6.41c3.52,0,6.409,2.89,6.409,6.41s-2.89,6.41-6.409,6.41          C540.46,260.78,537.57,257.89,537.57,254.37",SVGID_1581_,537.215,247.605,13.53,13.53,32
url(#SVGID_1600_),none,#61E2A4,0.71,round,round,10,"          M547.38,208.98c0-1.86,1.521-3.39,3.38-3.39c1.86,0,3.391,1.53,3.391,3.39s-1.53,3.39-3.391,3.39          C548.9,212.37,547.38,210.84,547.38,208.98",SVGID_1599_,547.025,205.235,7.479,7.49,33
url(#SVGID_1618_),none,#61E2A4,0.71,round,round,10,"          M543.31,176.3c0-1.9,1.551-3.46,3.46-3.46c1.9,0,3.461,1.56,3.461,3.46c0,1.9-1.561,3.46-3.461,3.46          C544.86,179.76,543.31,178.2,543.31,176.3",SVGID_1617_,542.955,172.485,7.63,7.63,34
url(#SVGID_1636_),none,#D00000,0.71,round,round,10,"          M396.11,474.79c0-1.66,1.359-3.021,3.02-3.021s3.021,1.36,3.021,3.021c0,1.67-1.36,3.03-3.021,3.03          S396.11,476.46,396.11,474.79",SVGID_1635_,395.755,471.415,6.75,6.76,35
url(#SVGID_1654_),none,#D00000,0.71,round,round,10,"          M375.46,484.76c0-1.91,1.56-3.479,3.48-3.479c1.909,0,3.479,1.569,3.479,3.479c0,1.92-1.57,3.48-3.479,3.48          C377.02,488.24,375.46,486.68,375.46,484.76",SVGID_1653_,375.105,480.925,7.67,7.67,36
url(#SVGID_1672_),none,#16F2F2,0.71,round,round,10,"          M486.93,117.94c0-4.09,3.351-7.44,7.45-7.44c4.09,0,7.44,3.35,7.44,7.44c0,4.1-3.351,7.45-7.44,7.45          C490.28,125.39,486.93,122.04,486.93,117.94",SVGID_1671_,486.575,110.145,15.6,15.6,37
url(#SVGID_1690_),none,#16F2F2,0.71,round,round,10,"          M500.2,142.98c0-1.74,1.42-3.16,3.16-3.16c1.729,0,3.149,1.42,3.149,3.16c0,1.73-1.42,3.15-3.149,3.15          C501.62,146.13,500.2,144.71,500.2,142.98",SVGID_1689_,499.845,139.465,7.021,7.02,38
url(#SVGID_1708_),none,#1B4332,0.71,round,round,10,"          M340.98,197.27c0-1.76,1.45-3.2,3.21-3.2c1.77,0,3.21,1.44,3.21,3.2c0,1.77-1.44,3.21-3.21,3.21          C342.43,200.48,340.98,199.04,340.98,197.27",SVGID_1707_,340.625,193.715,7.13,7.12,39
url(#SVGID_1726_),none,#1B4332,0.71,round,round,10,"          M325.41,164.33c0-1.97,1.61-3.58,3.57-3.58c1.97,0,3.58,1.61,3.58,3.58c0,1.96-1.61,3.57-3.58,3.57          C327.02,167.9,325.41,166.29,325.41,164.33",SVGID_1725_,325.055,160.395,7.86,7.86,40
url(#SVGID_1744_),none,#1B4332,0.71,round,round,10,"          M377.26,162.19c0-4.07,3.32-7.39,7.391-7.39c4.06,0,7.39,3.32,7.39,7.39c0,4.06-3.33,7.38-7.39,7.38          C380.58,169.57,377.26,166.25,377.26,162.19",SVGID_1743_,376.905,154.445,15.489,15.48,41
url(#SVGID_1762_),none,#1B4332,0.71,round,round,10,"          M303.8,132.64c0-2.22,1.82-4.03,4.04-4.03c2.22,0,4.03,1.81,4.03,4.03c0,2.22-1.81,4.04-4.03,4.04          C305.62,136.68,303.8,134.86,303.8,132.64",SVGID_1761_,303.445,128.255,8.78,8.78,42
url(#SVGID_1780_),none,#1B4332,0.71,round,round,10,"          M285.94,116.2c0-1.34,1.1-2.43,2.44-2.43c1.34,0,2.43,1.09,2.43,2.43c0,1.34-1.09,2.44-2.43,2.44          C287.04,118.64,285.94,117.54,285.94,116.2",SVGID_1779_,285.585,113.415,5.58,5.58,43
url(#SVGID_1798_),none,#1B4332,0.71,round,round,10,"          M245.13,90.55c0-2.09,1.72-3.81,3.82-3.81c2.09,0,3.81,1.72,3.81,3.81c0,2.1-1.72,3.82-3.81,3.82          C246.85,94.37,245.13,92.65,245.13,90.55",SVGID_1797_,244.775,86.385,8.34,8.34,44
url(#SVGID_1816_),none,#1B4332,0.71,round,round,10,"          M318.14,102.82c0-2.54,2.07-4.62,4.61-4.62s4.62,2.08,4.62,4.62c0,2.54-2.08,4.61-4.62,4.61S318.14,105.36,318.14,102.82",SVGID_1815_,317.785,97.845,9.94,9.94,45
url(#SVGID_1834_),none,#CCFF33,0.71,round,round,10,"          M480.81,143.61c0-3.84,3.141-6.97,6.971-6.97s6.97,3.13,6.97,6.97c0,3.83-3.14,6.97-6.97,6.97S480.81,147.44,480.81,143.61",SVGID_1833_,480.455,136.285,14.65,14.65,46
url(#SVGID_1852_),none,#CCFF33,0.71,round,round,10,"          M500.22,210.89c0-2.89,2.37-5.26,5.261-5.26c2.89,0,5.25,2.37,5.25,5.26s-2.36,5.26-5.25,5.26          C502.59,216.15,500.22,213.78,500.22,210.89",SVGID_1851_,499.865,205.275,11.22,11.23,47
url(#SVGID_1870_),none,#CCFF33,0.71,round,round,10,"          M472.1,234.24c0-1.93,1.58-3.51,3.521-3.51c1.93,0,3.51,1.58,3.51,3.51c0,1.94-1.58,3.52-3.51,3.52          C473.68,237.76,472.1,236.18,472.1,234.24",SVGID_1869_,471.745,230.375,7.74,7.74,48
url(#SVGID_1888_),none,#CCFF33,0.71,round,round,10,"          M410.47,215.25c0-3.71,3.04-6.75,6.75-6.75s6.75,3.04,6.75,6.75s-3.04,6.75-6.75,6.75S410.47,218.96,410.47,215.25",SVGID_1887_,410.115,208.145,14.21,14.21,49
url(#SVGID_1906_),none,#F954EE,0.71,round,round,10,"          M407.06,243.23c0-2.43,1.99-4.42,4.421-4.42c2.43,0,4.42,1.99,4.42,4.42s-1.99,4.42-4.42,4.42          C409.05,247.65,407.06,245.66,407.06,243.23",SVGID_1905_,406.705,238.455,9.55,9.55,50
url(#SVGID_1924_),none,#F954EE,0.71,round,round,10,"          M285.57,228.91c0-1.96,1.6-3.56,3.57-3.56c1.96,0,3.56,1.6,3.56,3.56c0,1.97-1.6,3.57-3.56,3.57          C287.17,232.48,285.57,230.88,285.57,228.91",SVGID_1923_,285.215,224.995,7.84,7.84,51
url(#SVGID_1942_),none,#F954EE,0.71,round,round,10,"          M295.85,200.65c0-3.49,2.86-6.35,6.35-6.35c3.5,0,6.36,2.86,6.36,6.35c0,3.5-2.86,6.36-6.36,6.36          C298.71,207.01,295.85,204.15,295.85,200.65",SVGID_1941_,295.495,193.945,13.42,13.42,52
url(#SVGID_1960_),none,#F954EE,0.71,round,round,10,"          M215.97,159.18c0-3.91,3.2-7.1,7.1-7.1c3.9,0,7.1,3.19,7.1,7.1c0,3.9-3.2,7.09-7.1,7.09          C219.17,166.27,215.97,163.08,215.97,159.18",SVGID_1959_,215.615,151.725,14.91,14.9,53
url(#SVGID_1978_),none,#70E000,0.71,round,round,10,"          M257.15,227.69c0-1.74,1.43-3.18,3.18-3.18s3.18,1.44,3.18,3.18c0,1.75-1.43,3.18-3.18,3.18S257.15,229.44,257.15,227.69",SVGID_1977_,256.795,224.155,7.07,7.07,54
url(#SVGID_1996_),none,#70E000,0.71,round,round,10,"          M219.06,240.98c0-1.65,1.34-2.99,2.99-2.99c1.64,0,2.99,1.34,2.99,2.99c0,1.64-1.35,2.99-2.99,2.99          C220.4,243.97,219.06,242.62,219.06,240.98",SVGID_1995_,218.705,237.635,6.69,6.69,55
url(#SVGID_2014_),none,#70E000,0.71,round,round,10,"          M193.15,212.93c0-2.18,1.78-3.97,3.96-3.97c2.18,0,3.97,1.79,3.97,3.97c0,2.18-1.79,3.97-3.97,3.97          C194.93,216.9,193.15,215.11,193.15,212.93",SVGID_2013_,192.795,208.605,8.64,8.65,56
url(#SVGID_2032_),none,#70E000,0.71,round,round,10,"          M238.8,249.53c0-2.4,1.96-4.37,4.36-4.37c2.4,0,4.37,1.97,4.37,4.37c0,2.4-1.97,4.36-4.37,4.36          C240.76,253.89,238.8,251.93,238.8,249.53",SVGID_2031_,238.445,244.805,9.44,9.44,57
url(#SVGID_2050_),none,#70E000,0.71,round,round,10,"          M309.68,229.64c0-1.61,1.32-2.93,2.94-2.93c1.61,0,2.93,1.32,2.93,2.93c0,1.62-1.32,2.94-2.93,2.94          C311,232.58,309.68,231.26,309.68,229.64",SVGID_2049_,309.325,226.355,6.58,6.58,58
url(#SVGID_2068_),none,#B199FF,0.71,round,round,10,"          M207.21,282.55c0-1.55,1.27-2.83,2.82-2.83c1.56,0,2.83,1.28,2.83,2.83c0,1.55-1.27,2.83-2.83,2.83          C208.48,285.38,207.21,284.1,207.21,282.55",SVGID_2067_,206.855,279.365,6.36,6.37,59
url(#SVGID_2086_),none,#B199FF,0.71,round,round,10,"          M403.26,265.91c0-2.63,2.15-4.77,4.771-4.77s4.77,2.14,4.77,4.77c0,2.62-2.149,4.76-4.77,4.76S403.26,268.53,403.26,265.91",SVGID_2085_,402.905,260.785,10.25,10.24,60
url(#SVGID_2104_),none,#B199FF,0.71,round,round,10,"          M439.11,279.56c0-3.37,2.76-6.13,6.13-6.13s6.13,2.76,6.13,6.13s-2.76,6.13-6.13,6.13S439.11,282.93,439.11,279.56",SVGID_2103_,438.755,273.075,12.97,12.97,61
url(#SVGID_2122_),none,#B199FF,0.71,round,round,10,"          M458.27,272.71c0-3.38,2.771-6.15,6.16-6.15c3.38,0,6.15,2.77,6.15,6.15c0,3.39-2.771,6.16-6.15,6.16          C461.04,278.87,458.27,276.1,458.27,272.71",SVGID_2121_,457.915,266.205,13.02,13.02,62
url(#SVGID_2140_),none,#B199FF,0.71,round,round,10,"          M384.84,262.08c0-2.33,1.91-4.24,4.24-4.24c2.34,0,4.25,1.91,4.25,4.24c0,2.34-1.91,4.25-4.25,4.25          C386.75,266.33,384.84,264.42,384.84,262.08",SVGID_2139_,384.485,257.485,9.199,9.2,63
url(#SVGID_2158_),none,#B199FF,0.71,round,round,10,"          M365.15,233.66c0-2.88,2.359-5.24,5.25-5.24c2.89,0,5.25,2.36,5.25,5.24c0,2.89-2.36,5.25-5.25,5.25          C367.51,238.91,365.15,236.55,365.15,233.66",SVGID_2157_,364.795,228.065,11.21,11.2,64
url(#SVGID_2176_),none,#B199FF,0.71,round,round,10,"          M345.66,222.1c0-1.72,1.4-3.13,3.13-3.13c1.72,0,3.13,1.41,3.13,3.13c0,1.72-1.41,3.13-3.13,3.13          C347.06,225.23,345.66,223.82,345.66,222.1",SVGID_2175_,345.305,218.615,6.97,6.97,65
url(#SVGID_2194_),none,#450099,0.71,round,round,10,"          M222.74,272.16c0-1.72,1.4-3.12,3.12-3.12c1.72,0,3.13,1.4,3.13,3.12c0,1.72-1.41,3.13-3.13,3.13          C224.14,275.29,222.74,273.88,222.74,272.16",SVGID_2193_,222.385,268.685,6.96,6.96,66
url(#SVGID_2212_),none,#3283FE,0.71,round,round,10,"          M206.83,267.01c0-1.52,1.25-2.77,2.77-2.77c1.53,0,2.77,1.25,2.77,2.77c0,1.53-1.24,2.771-2.77,2.771          C208.08,269.78,206.83,268.54,206.83,267.01",SVGID_2211_,206.475,263.885,6.25,6.25,67
url(#SVGID_2230_),none,#3283FE,0.71,round,round,10,"          M190.82,244.11c0-2.07,1.69-3.76,3.75-3.76c2.07,0,3.76,1.69,3.76,3.76c0,2.07-1.69,3.76-3.76,3.76          C192.51,247.87,190.82,246.18,190.82,244.11",SVGID_2229_,190.465,239.995,8.22,8.23,68
url(#SVGID_2248_),none,#3283FE,0.71,round,round,10,"          M168.43,253.87c0-2.37,1.93-4.3,4.29-4.3c2.37,0,4.3,1.93,4.3,4.3c0,2.36-1.93,4.29-4.3,4.29          C170.36,258.16,168.43,256.23,168.43,253.87",SVGID_2247_,168.075,249.215,9.3,9.3,69
url(#SVGID_2266_),none,#3283FE,0.71,round,round,10,"          M171.04,280.01c0-2.36,1.93-4.29,4.29-4.29s4.29,1.93,4.29,4.29c0,2.36-1.93,4.29-4.29,4.29S171.04,282.37,171.04,280.01",SVGID_2265_,170.685,275.365,9.29,9.29,70
url(#SVGID_2284_),none,#3283FE,0.71,round,round,10,"          M145.24,246.07c0-2.27,1.85-4.12,4.12-4.12s4.12,1.85,4.12,4.12s-1.85,4.13-4.12,4.13S145.24,248.34,145.24,246.07",SVGID_2283_,144.885,241.595,8.95,8.96,71
url(#SVGID_2302_),none,#3283FE,0.71,round,round,10,"          M178.17,227.33c0-1.82,1.5-3.31,3.32-3.31c1.83,0,3.32,1.49,3.32,3.31c0,1.83-1.49,3.32-3.32,3.32          C179.67,230.65,178.17,229.16,178.17,227.33",SVGID_2301_,177.815,223.665,7.35,7.34,72
url(#SVGID_2320_),none,#450099,0.71,round,round,10,"          M331.1,248.69c0-2.58,2.1-4.69,4.68-4.69c2.58,0,4.69,2.11,4.69,4.69s-2.11,4.69-4.69,4.69          C333.2,253.38,331.1,251.27,331.1,248.69",SVGID_2319_,330.745,243.645,10.08,10.09,73
url(#SVGID_2338_),none,#450099,0.71,round,round,10,"          M314.04,270.86c0-2.41,1.97-4.37,4.38-4.37c2.4,0,4.37,1.96,4.37,4.37c0,2.4-1.97,4.37-4.37,4.37          C316.01,275.23,314.04,273.26,314.04,270.86",SVGID_2337_,313.685,266.135,9.46,9.45,74
url(#SVGID_2356_),none,#450099,0.71,round,round,10,"          M290.4,248.22c0-1.92,1.58-3.5,3.5-3.5c1.93,0,3.5,1.58,3.5,3.5c0,1.93-1.57,3.51-3.5,3.51          C291.98,251.73,290.4,250.15,290.4,248.22",SVGID_2355_,290.045,244.365,7.71,7.72,75
url(#SVGID_2374_),none,#450099,0.71,round,round,10,"          M276.86,264.03c0-2.26,1.85-4.12,4.12-4.12s4.12,1.86,4.12,4.12c0,2.27-1.85,4.13-4.12,4.13S276.86,266.3,276.86,264.03",SVGID_2373_,276.505,259.555,8.95,8.96,76
url(#SVGID_2392_),none,#450099,0.71,round,round,10,"          M304,319.17c0-1.22,1-2.21,2.21-2.21c1.22,0,2.22,0.99,2.22,2.21c0,1.22-1,2.21-2.22,2.21C305,321.38,304,320.39,304,319.17          ",SVGID_2391_,303.645,316.605,5.14,5.13,77
url(#SVGID_2410_),none,#450099,0.71,round,round,10,"          M289.41,291.52c0-1.65,1.35-3,3-3c1.65,0,3,1.35,3,3s-1.35,3-3,3C290.76,294.52,289.41,293.17,289.41,291.52",SVGID_2409_,289.055,288.165,6.71,6.71,78
url(#SVGID_2428_),none,#450099,0.71,round,round,10,"          M386.84,304.91c0-2.21,1.811-4.02,4.021-4.02s4.02,1.81,4.02,4.02s-1.81,4.01-4.02,4.01S386.84,307.12,386.84,304.91",SVGID_2427_,386.485,300.535,8.75,8.74,79
url(#SVGID_2446_),none,#450099,0.71,round,round,10,"          M357.8,276.17c0-2.28,1.86-4.14,4.141-4.14c2.27,0,4.13,1.86,4.13,4.14c0,2.27-1.86,4.13-4.13,4.13          C359.66,280.3,357.8,278.44,357.8,276.17",SVGID_2445_,357.445,271.675,8.979,8.98,80
url(#SVGID_2464_),none,#450099,0.71,round,round,10,"          M356.5,290.98c0-1.79,1.46-3.25,3.25-3.25s3.25,1.46,3.25,3.25s-1.46,3.25-3.25,3.25S356.5,292.77,356.5,290.98",SVGID_2463_,356.145,287.375,7.211,7.21,81
url(#SVGID_2482_),none,#450099,0.71,round,round,10,"          M353,305.58c0-2.43,1.98-4.42,4.41-4.42s4.42,1.99,4.42,4.42c0,2.43-1.99,4.42-4.42,4.42S353,308.01,353,305.58",SVGID_2481_,352.645,300.805,9.54,9.55,82
url(#SVGID_2500_),none,#450099,0.71,round,round,10,"          M331.62,308c0-1.31,1.07-2.38,2.38-2.38s2.38,1.07,2.38,2.38c0,1.3-1.07,2.37-2.38,2.37S331.62,309.3,331.62,308",SVGID_2499_,331.265,305.265,5.47,5.46,83
url(#SVGID_2518_),none,#450099,0.71,round,round,10,"          M334.68,293.63c0-1.51,1.24-2.75,2.75-2.75c1.52,0,2.76,1.24,2.76,2.75c0,1.52-1.24,2.75-2.76,2.75          C335.92,296.38,334.68,295.15,334.68,293.63",SVGID_2517_,334.325,290.525,6.22,6.21,84
url(#SVGID_2536_),none,#450099,0.71,round,round,10,"          M253.36,278.26c0-1.979,1.62-3.59,3.59-3.59c1.98,0,3.6,1.61,3.6,3.59c0,1.98-1.62,3.59-3.6,3.59          C254.98,281.85,253.36,280.24,253.36,278.26",SVGID_2535_,253.005,274.315,7.9,7.89,85
url(#SVGID_2554_),none,#450099,0.71,round,round,10,"          M260.35,294.17c0-1.82,1.49-3.31,3.31-3.31c1.83,0,3.32,1.49,3.32,3.31c0,1.83-1.49,3.32-3.32,3.32          C261.84,297.49,260.35,296,260.35,294.17",SVGID_2553_,259.995,290.505,7.34,7.34,86
url(#SVGID_2572_),none,#450099,0.71,round,round,10,"          M281.22,283.25c0-1.63,1.33-2.96,2.96-2.96c1.63,0,2.96,1.33,2.96,2.96s-1.33,2.97-2.96,2.97          C282.55,286.22,281.22,284.88,281.22,283.25",SVGID_2571_,280.865,279.935,6.63,6.64,87
url(#SVGID_2590_),none,#450099,0.71,round,round,10,"          M307.58,305.62c0-1.59,1.3-2.89,2.89-2.89c1.59,0,2.9,1.3,2.9,2.89c0,1.59-1.31,2.89-2.9,2.89          C308.88,308.51,307.58,307.21,307.58,305.62",SVGID_2589_,307.225,302.375,6.5,6.49,88
url(#SVGID_2608_),none,#450099,0.71,round,round,10,"          M313.56,317.35c0-2.03,1.66-3.69,3.69-3.69c2.02,0,3.68,1.66,3.68,3.69c0,2.02-1.66,3.68-3.68,3.68          C315.22,321.03,313.56,319.37,313.56,317.35",SVGID_2607_,313.205,313.305,8.08,8.08,89
url(#SVGID_2626_),none,#450099,0.71,round,round,10,"          M305.69,298.52c0-2.27,1.85-4.12,4.11-4.12c2.27,0,4.12,1.85,4.12,4.12c0,2.26-1.85,4.11-4.12,4.11          C307.54,302.63,305.69,300.78,305.69,298.52",SVGID_2625_,305.335,294.045,8.94,8.94,90
url(#SVGID_2644_),none,#FF6600,0.71,round,round,10,"          M322.72,354.02c0-1.39,1.14-2.54,2.54-2.54c1.39,0,2.54,1.15,2.54,2.54c0,1.4-1.15,2.54-2.54,2.54          C323.86,356.56,322.72,355.42,322.72,354.02",SVGID_2643_,322.365,351.125,5.79,5.79,91
url(#SVGID_2662_),none,#FF6600,0.71,round,round,10,"          M267.71,397.22c0-1.439,1.18-2.62,2.62-2.62s2.62,1.181,2.62,2.62c0,1.44-1.18,2.62-2.62,2.62S267.71,398.66,267.71,397.22",SVGID_2661_,267.355,394.245,5.95,5.95,92
url(#SVGID_2680_),none,#FF6600,0.71,round,round,10,"          M373.21,334.1c0-2.47,2.03-4.49,4.5-4.49s4.49,2.02,4.49,4.49c0,2.47-2.021,4.49-4.49,4.49S373.21,336.57,373.21,334.1",SVGID_2679_,372.855,329.255,9.699,9.69,93
url(#SVGID_2698_),none,#FF6600,0.71,round,round,10,"          M338.4,328.8c0-2.06,1.69-3.75,3.74-3.75c2.06,0,3.75,1.69,3.75,3.75c0,2.06-1.69,3.74-3.75,3.74          C340.09,332.54,338.4,330.86,338.4,328.8",SVGID_2697_,338.045,324.695,8.2,8.2,94
url(#SVGID_2716_),none,#FF6600,0.71,round,round,10,"          M313.39,374.7c0-1.8,1.48-3.28,3.29-3.28s3.29,1.48,3.29,3.28c0,1.81-1.48,3.29-3.29,3.29S313.39,376.51,313.39,374.7",SVGID_2715_,313.035,371.065,7.29,7.279,95
url(#SVGID_2734_),none,#FF6600,0.71,round,round,10,"          M267.06,321.58c0-1.1,0.9-2,1.99-2c1.1,0,1.99,0.9,1.99,2c0,1.09-0.89,1.99-1.99,1.99          C267.96,323.57,267.06,322.67,267.06,321.58",SVGID_2733_,266.705,319.225,4.69,4.7,96
url(#SVGID_2752_),none,#FF6600,0.71,round,round,10,"          M246.37,312.81c0-2.14,1.75-3.89,3.88-3.89c2.14,0,3.89,1.75,3.89,3.89c0,2.13-1.75,3.88-3.89,3.88          C248.12,316.69,246.37,314.94,246.37,312.81",SVGID_2751_,246.015,308.565,8.48,8.48,97
url(#SVGID_2770_),none,#FF6600,0.71,round,round,10,"          M271.82,318.12c0-2.3,1.88-4.19,4.19-4.19c2.31,0,4.19,1.89,4.19,4.19c0,2.31-1.88,4.2-4.19,4.2          C273.7,322.32,271.82,320.43,271.82,318.12",SVGID_2769_,271.465,313.575,9.09,9.1,98
url(#SVGID_2788_),none,#FF6600,0.71,round,round,10,"          M315.86,342.1c0-2.02,1.65-3.68,3.67-3.68s3.67,1.66,3.67,3.68c0,2.01-1.65,3.67-3.67,3.67S315.86,344.11,315.86,342.1",SVGID_2787_,315.505,338.065,8.05,8.06,99
url(#SVGID_2806_),none,#FF6600,0.71,round,round,10,"          M262.9,338.09c0-1.84,1.51-3.35,3.35-3.35c1.85,0,3.36,1.51,3.36,3.35c0,1.85-1.51,3.36-3.36,3.36          C264.41,341.45,262.9,339.94,262.9,338.09",SVGID_2805_,262.545,334.385,7.42,7.42,100
url(#SVGID_2824_),none,#FF6600,0.71,round,round,10,"          M213.25,339.33c0-2.69,2.21-4.89,4.9-4.89s4.9,2.2,4.9,4.89c0,2.7-2.21,4.9-4.9,4.9S213.25,342.03,213.25,339.33",SVGID_2823_,212.895,334.085,10.51,10.5,101
url(#SVGID_2842_),none,#FF6600,0.71,round,round,10,"          M254.86,378.01c0-2.29,1.87-4.16,4.16-4.16s4.16,1.87,4.16,4.16s-1.87,4.16-4.16,4.16S254.86,380.3,254.86,378.01",SVGID_2841_,254.505,373.495,9.03,9.03,102
url(#SVGID_2860_),none,#FF6600,0.71,round,round,10,"          M226.23,317.66c0-1.93,1.58-3.51,3.51-3.51c1.93,0,3.51,1.58,3.51,3.51c0,1.93-1.58,3.51-3.51,3.51          C227.81,321.17,226.23,319.59,226.23,317.66",SVGID_2859_,225.875,313.795,7.73,7.73,103
url(#SVGID_2878_),none,#FF6600,0.71,round,round,10,"          M316.76,360.09c0-2.26,1.85-4.109,4.11-4.109c2.26,0,4.11,1.85,4.11,4.109s-1.85,4.11-4.11,4.11          C318.61,364.2,316.76,362.35,316.76,360.09",SVGID_2877_,316.405,355.625,8.93,8.93,104
url(#SVGID_2896_),none,#FF6600,0.71,round,round,10,"          M246.7,383.04c0-1.771,1.45-3.22,3.22-3.22c1.78,0,3.23,1.449,3.23,3.22c0,1.78-1.45,3.229-3.23,3.229          C248.15,386.27,246.7,384.82,246.7,383.04",SVGID_2895_,246.345,379.465,7.16,7.16,105
url(#SVGID_2914_),none,#FF6600,0.71,round,round,10,"          M289.21,347.41c0-2.23,1.83-4.06,4.06-4.06c2.24,0,4.06,1.83,4.06,4.06s-1.82,4.06-4.06,4.06          C291.04,351.47,289.21,349.64,289.21,347.41",SVGID_2913_,288.855,342.995,8.83,8.83,106
url(#SVGID_2932_),none,#FF6600,0.71,round,round,10,"          M262.31,366c0-2.25,1.84-4.1,4.1-4.1c2.26,0,4.11,1.85,4.11,4.1c0,2.26-1.85,4.11-4.11,4.11          C264.15,370.11,262.31,368.26,262.31,366",SVGID_2931_,261.955,361.545,8.92,8.92,107
url(#SVGID_2950_),none,#FF6600,0.71,round,round,10,"          M293.26,380.69c0-1.921,1.57-3.49,3.49-3.49s3.49,1.569,3.49,3.49c0,1.92-1.57,3.489-3.49,3.489          S293.26,382.61,293.26,380.69",SVGID_2949_,292.905,376.845,7.69,7.69,108
url(#SVGID_2968_),none,#FF6600,0.71,round,round,10,"          M193.1,317.14c0-2.14,1.75-3.9,3.89-3.9c2.15,0,3.9,1.76,3.9,3.9s-1.75,3.89-3.9,3.89          C194.85,321.03,193.1,319.28,193.1,317.14",SVGID_2967_,192.745,312.885,8.5,8.5,109
url(#SVGID_2986_),none,#90E0EF,0.71,round,round,10,"          M300.91,426.64c0-1.01,0.82-1.83,1.83-1.83c1,0,1.83,0.82,1.83,1.83c0,1.011-0.83,1.83-1.83,1.83          C301.73,428.47,300.91,427.65,300.91,426.64",SVGID_2985_,300.555,424.455,4.37,4.37,110
url(#SVGID_3004_),none,#90E0EF,0.71,round,round,10,"          M338.65,449.75c0-1.55,1.27-2.81,2.82-2.81c1.54,0,2.81,1.26,2.81,2.81s-1.27,2.82-2.81,2.82          C339.92,452.57,338.65,451.3,338.65,449.75",SVGID_3003_,338.295,446.585,6.34,6.34,111
url(#SVGID_3022_),none,#90E0EF,0.71,round,round,10,"          M260.16,449.32c0-1.261,1.03-2.29,2.29-2.29c1.26,0,2.3,1.029,2.3,2.29c0,1.26-1.04,2.29-2.3,2.29          C261.19,451.61,260.16,450.58,260.16,449.32",SVGID_3021_,259.805,446.675,5.3,5.29,112
url(#SVGID_3040_),none,#90E0EF,0.71,round,round,10,"          M373.2,422.4c0-2.74,2.24-4.971,4.979-4.971c2.73,0,4.971,2.23,4.971,4.971c0,2.739-2.24,4.97-4.971,4.97          C375.44,427.37,373.2,425.14,373.2,422.4",SVGID_3039_,372.845,417.075,10.66,10.649,113
url(#SVGID_3058_),none,#90E0EF,0.71,round,round,10,"          M382.89,453.13c0-2.51,2.051-4.56,4.561-4.56c2.5,0,4.56,2.05,4.56,4.56c0,2.5-2.06,4.55-4.56,4.55          C384.94,457.68,382.89,455.63,382.89,453.13",SVGID_3057_,382.535,448.215,9.83,9.82,114
url(#SVGID_3076_),none,#90E0EF,0.71,round,round,10,"          M311.75,422.81c0-1.55,1.26-2.819,2.81-2.819c1.55,0,2.81,1.27,2.81,2.819c0,1.54-1.26,2.811-2.81,2.811          C313.01,425.62,311.75,424.35,311.75,422.81",SVGID_3075_,311.395,419.635,6.33,6.34,115
url(#SVGID_3094_),none,#90E0EF,0.71,round,round,10,"          M336.28,431.3c0-1.87,1.53-3.399,3.4-3.399c1.87,0,3.39,1.529,3.39,3.399s-1.52,3.4-3.39,3.4          C337.81,434.7,336.28,433.17,336.28,431.3",SVGID_3093_,335.925,427.545,7.5,7.51,116
url(#SVGID_3112_),none,#90E0EF,0.71,round,round,10,"          M294.51,459.67c0-1.64,1.34-2.979,2.98-2.979c1.64,0,2.98,1.34,2.98,2.979s-1.34,2.98-2.98,2.98          C295.85,462.65,294.51,461.31,294.51,459.67",SVGID_3111_,294.155,456.335,6.67,6.67,117
url(#SVGID_3130_),none,#90E0EF,0.71,round,round,10,"          M306.26,458.07c0-1.59,1.3-2.88,2.89-2.88c1.58,0,2.88,1.29,2.88,2.88s-1.3,2.88-2.88,2.88          C307.56,460.95,306.26,459.66,306.26,458.07",SVGID_3129_,305.905,454.835,6.48,6.47,118
url(#SVGID_3148_),none,#90E0EF,0.71,round,round,10,"          M350.39,469.78c0-2.36,1.94-4.3,4.3-4.3c2.369,0,4.3,1.939,4.3,4.3c0,2.37-1.931,4.31-4.3,4.31          C352.33,474.09,350.39,472.15,350.39,469.78",SVGID_3147_,350.035,465.125,9.31,9.32,119
url(#SVGID_3166_),none,#90E0EF,0.71,round,round,10,"          M359.8,415.97c0-1.63,1.33-2.97,2.97-2.97c1.631,0,2.971,1.34,2.971,2.97s-1.34,2.971-2.971,2.971          C361.13,418.94,359.8,417.6,359.8,415.97",SVGID_3165_,359.445,412.645,6.649,6.65,120
url(#SVGID_3184_),none,#90E0EF,0.71,round,round,10,"          M354.59,432.33c0-1.64,1.34-2.99,2.99-2.99c1.64,0,2.99,1.351,2.99,2.99c0,1.65-1.351,2.99-2.99,2.99          C355.93,435.32,354.59,433.98,354.59,432.33",SVGID_3183_,354.235,428.985,6.69,6.689,121
url(#SVGID_3202_),none,#90E0EF,0.71,round,round,10,"          M344.97,432.32c0-1.48,1.21-2.69,2.68-2.69c1.48,0,2.69,1.21,2.69,2.69c0,1.479-1.21,2.689-2.69,2.689          C346.18,435.01,344.97,433.8,344.97,432.32",SVGID_3201_,344.615,429.275,6.08,6.09,122
url(#SVGID_3220_),none,#AA0DFE,0.71,round,round,10,"          M330.6,384.39c0-1.989,1.62-3.609,3.61-3.609c1.98,0,3.6,1.62,3.6,3.609c0,1.98-1.62,3.601-3.6,3.601          C332.22,387.99,330.6,386.37,330.6,384.39",SVGID_3219_,330.245,380.425,7.92,7.92,123
url(#SVGID_3238_),none,#AA0DFE,0.71,round,round,10,"          M331.03,406.44c0-2.101,1.71-3.811,3.81-3.811c2.09,0,3.8,1.71,3.8,3.811c0,2.09-1.71,3.8-3.8,3.8          C332.74,410.24,331.03,408.53,331.03,406.44",SVGID_3237_,330.675,402.275,8.32,8.319,124
url(#SVGID_3256_),none,#AA0DFE,0.71,round,round,10,"          M284.42,404.03c0-1.8,1.47-3.271,3.27-3.271c1.79,0,3.26,1.471,3.26,3.271s-1.47,3.27-3.26,3.27          C285.89,407.3,284.42,405.83,284.42,404.03",SVGID_3255_,284.065,400.405,7.24,7.25,125
url(#SVGID_3274_),none,#AA0DFE,0.71,round,round,10,"          M305.76,405.8c0-2.04,1.67-3.71,3.7-3.71c2.04,0,3.71,1.67,3.71,3.71s-1.67,3.7-3.71,3.7          C307.43,409.5,305.76,407.84,305.76,405.8",SVGID_3273_,305.405,401.735,8.12,8.12,126
url(#SVGID_3292_),none,#AA0DFE,0.71,round,round,10,"          M291.24,413.19c0-1.45,1.19-2.641,2.64-2.641c1.45,0,2.63,1.19,2.63,2.641c0,1.449-1.18,2.64-2.63,2.64          C292.43,415.83,291.24,414.64,291.24,413.19",SVGID_3291_,290.885,410.195,5.98,5.989,127
url(#SVGID_3310_),none,#AA0DFE,0.71,round,round,10,"          M353.36,395.08c0-1.83,1.5-3.32,3.331-3.32c1.829,0,3.319,1.49,3.319,3.32s-1.49,3.33-3.319,3.33          C354.86,398.41,353.36,396.91,353.36,395.08",SVGID_3309_,353.005,391.405,7.36,7.359,128
url(#SVGID_3328_),none,#AA0DFE,0.71,round,round,10,"          M360.44,373.05c0-2.359,1.93-4.29,4.279-4.29c2.36,0,4.29,1.931,4.29,4.29c0,2.351-1.93,4.28-4.29,4.28          C362.37,377.33,360.44,375.4,360.44,373.05",SVGID_3327_,360.085,368.405,9.28,9.279,129
url(#SVGID_3346_),none,#AA0DFE,0.71,round,round,10,"          M271.93,418.49c0-1.44,1.17-2.61,2.61-2.61c1.43,0,2.61,1.17,2.61,2.61c0,1.43-1.18,2.609-2.61,2.609          C273.1,421.1,271.93,419.92,271.93,418.49",SVGID_3345_,271.575,415.525,5.93,5.93,130
url(#SVGID_3364_),none,#AA0DFE,0.71,round,round,10,"          M322.09,433.18c0-1.8,1.48-3.27,3.28-3.27c1.8,0,3.27,1.47,3.27,3.27c0,1.801-1.47,3.28-3.27,3.28          C323.57,436.46,322.09,434.98,322.09,433.18",SVGID_3363_,321.735,429.555,7.26,7.261,131
url(#SVGID_3382_),none,#AA0DFE,0.71,round,round,10,"          M308.93,445.51c0-2.06,1.68-3.74,3.73-3.74c2.05,0,3.73,1.681,3.73,3.74c0,2.05-1.68,3.73-3.73,3.73          C310.61,449.24,308.93,447.56,308.93,445.51",SVGID_3381_,308.575,441.415,8.17,8.18,132
url(#SVGID_3400_),none,#AA0DFE,0.71,round,round,10,"          M249.46,417.44c0-2.25,1.85-4.101,4.1-4.101s4.1,1.851,4.1,4.101s-1.85,4.09-4.1,4.09S249.46,419.69,249.46,417.44",SVGID_3399_,249.105,412.985,8.91,8.899,133
url(#SVGID_3418_),none,#AA0DFE,0.71,round,round,10,"          M277.07,435.5c0-2.25,1.85-4.1,4.1-4.1c2.26,0,4.1,1.85,4.1,4.1c0,2.26-1.84,4.1-4.1,4.1          C278.92,439.6,277.07,437.76,277.07,435.5",SVGID_3417_,276.715,431.045,8.91,8.91,134
url(#SVGID_3436_),none,#AA0DFE,0.71,round,round,10,"          M283.69,481.06c0-2.21,1.82-4.029,4.03-4.029c2.22,0,4.04,1.819,4.04,4.029c0,2.221-1.82,4.04-4.04,4.04          C285.51,485.1,283.69,483.28,283.69,481.06",SVGID_3435_,283.335,476.675,8.78,8.78,135
url(#SVGID_3454_),none,#AA0DFE,0.71,round,round,10,"          M318,474.32c0-1.86,1.52-3.38,3.38-3.38c1.87,0,3.39,1.52,3.39,3.38c0,1.87-1.52,3.39-3.39,3.39          C319.52,477.71,318,476.19,318,474.32",SVGID_3453_,317.645,470.585,7.48,7.48,136
url(#SVGID_3472_),none,#AA0DFE,0.71,round,round,10,"          M282.07,457.55c0-1.479,1.21-2.689,2.69-2.689c1.48,0,2.69,1.21,2.69,2.689c0,1.48-1.21,2.69-2.69,2.69          C283.28,460.24,282.07,459.03,282.07,457.55",SVGID_3471_,281.715,454.505,6.09,6.09,137
url(#SVGID_3490_),none,#AA0DFE,0.71,round,round,10,"          M269.55,472.96c0-1.77,1.45-3.21,3.22-3.21s3.21,1.44,3.21,3.21c0,1.771-1.44,3.22-3.21,3.22S269.55,474.73,269.55,472.96",SVGID_3489_,269.195,469.395,7.14,7.141,138
url(#SVGID_3508_),none,#AA0DFE,0.71,round,round,10,"          M251.47,457.42c0-1.97,1.61-3.58,3.58-3.58c1.96,0,3.57,1.61,3.57,3.58s-1.61,3.58-3.57,3.58          C253.08,461,251.47,459.39,251.47,457.42",SVGID_3507_,251.115,453.485,7.86,7.87,139
url(#SVGID_3526_),none,#AA0DFE,0.71,round,round,10,"          M247.35,441.52c0-1.76,1.44-3.199,3.2-3.199c1.76,0,3.2,1.439,3.2,3.199c0,1.761-1.44,3.2-3.2,3.2          C248.79,444.72,247.35,443.28,247.35,441.52",SVGID_3525_,246.995,437.965,7.11,7.11,140
url(#SVGID_3544_),none,#AA0DFE,0.71,round,round,10,"          M332.72,488.49c0-1.931,1.58-3.51,3.51-3.51s3.5,1.579,3.5,3.51c0,1.93-1.57,3.5-3.5,3.5S332.72,490.42,332.72,488.49",SVGID_3543_,332.365,484.625,7.72,7.72,141
url(#SVGID_3562_),none,#F28266,0.71,round,round,10,"          M271.3,405.47c0-1.05,0.86-1.91,1.91-1.91s1.91,0.86,1.91,1.91s-0.86,1.91-1.91,1.91S271.3,406.52,271.3,405.47",SVGID_3561_,270.945,403.205,4.53,4.53,142
url(#SVGID_3580_),none,#01D669,0.71,round,round,10,"          M360.97,513.5c0-2.17,1.78-3.95,3.95-3.95s3.95,1.78,3.95,3.95c0,2.18-1.78,3.95-3.95,3.95S360.97,515.68,360.97,513.5",SVGID_3579_,360.615,509.195,8.609,8.609,143
url(#SVGID_3598_),none,#01D669,0.71,round,round,10,"          M382.55,507.37c0-2.39,1.95-4.34,4.34-4.34c2.391,0,4.351,1.95,4.351,4.34s-1.96,4.35-4.351,4.35          C384.5,511.72,382.55,509.76,382.55,507.37",SVGID_3597_,382.195,502.675,9.399,9.4,144
url(#SVGID_3616_),none,#FAA307,0.71,round,round,10,"          M392.13,356.48c0-2.371,1.94-4.311,4.311-4.311c2.369,0,4.31,1.94,4.31,4.311c0,2.38-1.94,4.319-4.31,4.319          C394.07,360.8,392.13,358.86,392.13,356.48",SVGID_3615_,391.775,351.815,9.33,9.34,145
url(#SVGID_3634_),none,#FAA307,0.71,round,round,10,"          M376.61,397.14c0-1.859,1.52-3.39,3.39-3.39c1.86,0,3.39,1.53,3.39,3.39c0,1.87-1.529,3.391-3.39,3.391          C378.13,400.53,376.61,399.01,376.61,397.14",SVGID_3633_,376.255,393.395,7.49,7.49,146
url(#SVGID_3652_),none,#0D47A1,0.71,round,round,10,"          M337.89,618.1c0-1.39,1.13-2.52,2.52-2.52c1.38,0,2.52,1.13,2.52,2.52c0,1.391-1.14,2.521-2.52,2.521          C339.02,620.62,337.89,619.49,337.89,618.1",SVGID_3651_,337.535,615.225,5.75,5.75,147
url(#SVGID_3670_),none,#0D47A1,0.71,round,round,10,"          M432.65,675.54c0-2.34,1.92-4.26,4.26-4.26s4.25,1.92,4.25,4.26s-1.91,4.25-4.25,4.25S432.65,677.88,432.65,675.54",SVGID_3669_,432.295,670.925,9.22,9.22,148
url(#SVGID_3688_),none,#0D47A1,0.71,round,round,10,"          M314.15,633.59c0-2.51,2.05-4.57,4.57-4.57c2.51,0,4.56,2.061,4.56,4.57s-2.05,4.57-4.56,4.57          C316.2,638.16,314.15,636.1,314.15,633.59",SVGID_3687_,313.795,628.665,9.84,9.85,149
url(#SVGID_3706_),none,#0D47A1,0.71,round,round,10,"          M351.35,658.7c0-2.681,2.19-4.88,4.88-4.88c2.68,0,4.869,2.199,4.869,4.88c0,2.68-2.189,4.87-4.869,4.87          C353.54,663.57,351.35,661.38,351.35,658.7",SVGID_3705_,350.995,653.465,10.46,10.46,150
url(#SVGID_3724_),none,#0D47A1,0.71,round,round,10,"          M419.81,613.01c0-3.92,3.2-7.12,7.12-7.12s7.13,3.2,7.13,7.12s-3.21,7.13-7.13,7.13S419.81,616.93,419.81,613.01",SVGID_3723_,419.455,605.535,14.96,14.96,151
url(#SVGID_3742_),none,#0D47A1,0.71,round,round,10,"          M355.72,599.67c0-2.22,1.811-4.04,4.03-4.04s4.03,1.82,4.03,4.04c0,2.21-1.811,4.03-4.03,4.03S355.72,601.88,355.72,599.67",SVGID_3741_,355.365,595.275,8.77,8.779,152
url(#SVGID_3760_),none,#0D47A1,0.71,round,round,10,"          M364.83,575.68c0-1.739,1.43-3.17,3.17-3.17s3.17,1.431,3.17,3.17c0,1.75-1.43,3.17-3.17,3.17S364.83,577.43,364.83,575.68",SVGID_3759_,364.475,572.155,7.051,7.05,153
url(#SVGID_3778_),none,#0D47A1,0.71,round,round,10,"          M365.28,548.01c0-2.29,1.87-4.149,4.16-4.149c2.279,0,4.149,1.859,4.149,4.149c0,2.28-1.87,4.15-4.149,4.15          C367.15,552.16,365.28,550.29,365.28,548.01",SVGID_3777_,364.925,543.505,9.021,9.01,154
url(#SVGID_3796_),none,#007200,0.71,round,round,10,"          M232.65,527.45c0-1.8,1.47-3.271,3.27-3.271c1.8,0,3.27,1.471,3.27,3.271c0,1.79-1.47,3.26-3.27,3.26          C234.12,530.71,232.65,529.24,232.65,527.45",SVGID_3795_,232.295,523.825,7.25,7.24,155
url(#SVGID_3814_),none,#007200,0.71,round,round,10,"          M282.01,495.12c0-1.32,1.09-2.4,2.41-2.4c1.32,0,2.4,1.08,2.4,2.4s-1.08,2.41-2.4,2.41          C283.1,497.53,282.01,496.44,282.01,495.12",SVGID_3813_,281.655,492.365,5.52,5.52,156
url(#SVGID_3832_),none,#007200,0.71,round,round,10,"          M200.99,533.05c0-0.81,0.65-1.46,1.46-1.46c0.8,0,1.45,0.65,1.45,1.46c0,0.8-0.65,1.45-1.45,1.45          C201.64,534.5,200.99,533.85,200.99,533.05",SVGID_3831_,200.635,531.235,3.62,3.62,157
url(#SVGID_3850_),none,#007200,0.71,round,round,10,"          M246.6,487.08c0-1.19,0.98-2.17,2.16-2.17c1.19,0,2.17,0.979,2.17,2.17c0,1.18-0.98,2.16-2.17,2.16          C247.58,489.24,246.6,488.26,246.6,487.08",SVGID_3849_,246.245,484.555,5.04,5.04,158
url(#SVGID_3868_),none,#007200,0.71,round,round,10,"          M306.6,500.14c0-1.72,1.4-3.12,3.11-3.12s3.11,1.4,3.11,3.12c0,1.71-1.4,3.11-3.11,3.11S306.6,501.85,306.6,500.14",SVGID_3867_,306.245,496.665,6.93,6.94,159
url(#SVGID_3886_),none,#007200,0.71,round,round,10,"          M273.49,511.79c0-1.81,1.49-3.3,3.31-3.3c1.82,0,3.3,1.49,3.3,3.3c0,1.82-1.48,3.31-3.3,3.31          C274.98,515.1,273.49,513.61,273.49,511.79",SVGID_3885_,273.135,508.135,7.32,7.32,160
url(#SVGID_3904_),none,#007200,0.71,round,round,10,"          M252.84,531.01c0-1.92,1.57-3.49,3.49-3.49s3.49,1.57,3.49,3.49s-1.57,3.49-3.49,3.49S252.84,532.93,252.84,531.01",SVGID_3903_,252.485,527.165,7.69,7.69,161
url(#SVGID_3922_),none,#007200,0.71,round,round,10,"          M213.38,540.95c0-1.79,1.46-3.25,3.26-3.25c1.79,0,3.25,1.46,3.25,3.25c0,1.8-1.46,3.26-3.25,3.26          C214.84,544.21,213.38,542.75,213.38,540.95",SVGID_3921_,213.025,537.345,7.22,7.221,162
url(#SVGID_3940_),none,#007200,0.71,round,round,10,"          M294.44,558.46c0-1.93,1.58-3.51,3.51-3.51c1.93,0,3.51,1.58,3.51,3.51s-1.58,3.51-3.51,3.51          C296.02,561.97,294.44,560.39,294.44,558.46",SVGID_3939_,294.085,554.595,7.73,7.73,163
url(#SVGID_3958_),none,#007200,0.71,round,round,10,"          M276.4,533.7c0-1.91,1.56-3.47,3.47-3.47c1.91,0,3.47,1.56,3.47,3.47s-1.56,3.47-3.47,3.47          C277.96,537.17,276.4,535.61,276.4,533.7",SVGID_3957_,276.045,529.875,7.65,7.65,164
url(#SVGID_3976_),none,#007200,0.71,round,round,10,"          M248.82,507.96c0-1.92,1.57-3.49,3.49-3.49c1.91,0,3.48,1.57,3.48,3.49s-1.57,3.49-3.48,3.49          C250.39,511.45,248.82,509.88,248.82,507.96",SVGID_3975_,248.465,504.115,7.68,7.689,165
url(#SVGID_3994_),none,#007200,0.71,round,round,10,"          M234.21,543.32c0-1.37,1.12-2.48,2.48-2.48c1.37,0,2.49,1.11,2.49,2.48s-1.12,2.489-2.49,2.489          C235.33,545.81,234.21,544.69,234.21,543.32",SVGID_3993_,233.855,540.485,5.68,5.68,166
url(#SVGID_4012_),none,#007200,0.71,round,round,10,"          M246.31,544.06c0-2.119,1.73-3.859,3.86-3.859c2.12,0,3.85,1.74,3.85,3.859c0,2.12-1.73,3.86-3.85,3.86          C248.04,547.92,246.31,546.18,246.31,544.06",SVGID_4011_,245.955,539.845,8.42,8.431,167
url(#SVGID_4030_),none,#007200,0.71,round,round,10,"          M320.82,539.65c0-2.67,2.18-4.851,4.84-4.851c2.67,0,4.85,2.181,4.85,4.851c0,2.659-2.18,4.84-4.85,4.84          C323,544.49,320.82,542.31,320.82,539.65",SVGID_4029_,320.465,534.445,10.4,10.399,168
url(#SVGID_4048_),none,#007200,0.71,round,round,10,"          M227.43,583.22c0-2.1,1.71-3.819,3.82-3.819c2.1,0,3.81,1.72,3.81,3.819c0,2.101-1.71,3.82-3.81,3.82          C229.14,587.04,227.43,585.32,227.43,583.22",SVGID_4047_,227.075,579.045,8.34,8.35,169
url(#SVGID_4066_),none,#007200,0.71,round,round,10,"          M210.85,570.88c0-1.99,1.62-3.62,3.61-3.62c1.98,0,3.61,1.63,3.61,3.62c0,1.98-1.63,3.61-3.61,3.61          C212.47,574.49,210.85,572.86,210.85,570.88",SVGID_4065_,210.495,566.905,7.93,7.939,170
url(#SVGID_4084_),none,#007200,0.71,round,round,10,"          M231.78,563.15c0-1.73,1.42-3.15,3.15-3.15s3.15,1.42,3.15,3.15c0,1.729-1.42,3.149-3.15,3.149S231.78,564.88,231.78,563.15          ",SVGID_4083_,231.425,559.645,7.01,7.011,171
url(#SVGID_4102_),none,#007200,0.71,round,round,10,"          M196.54,582.34c0-2.31,1.9-4.21,4.21-4.21c2.32,0,4.21,1.9,4.21,4.21c0,2.311-1.89,4.21-4.21,4.21          C198.44,586.55,196.54,584.65,196.54,582.34",SVGID_4101_,196.185,577.775,9.13,9.13,172
url(#SVGID_4120_),none,#007200,0.71,round,round,10,"          M244.3,598.42c0-2.27,1.86-4.13,4.13-4.13s4.13,1.86,4.13,4.13c0,2.271-1.86,4.13-4.13,4.13S244.3,600.69,244.3,598.42",SVGID_4119_,243.945,593.935,8.97,8.971,173
url(#SVGID_4138_),none,#007200,0.71,round,round,10,"          M252.55,583.05c0-2.14,1.75-3.89,3.89-3.89s3.89,1.75,3.89,3.89c0,2.141-1.75,3.891-3.89,3.891S252.55,585.19,252.55,583.05          ",SVGID_4137_,252.195,578.805,8.49,8.49,174
url(#SVGID_4156_),none,#007200,0.71,round,round,10,"          M263.38,579.74c0-1.62,1.32-2.95,2.95-2.95c1.62,0,2.95,1.33,2.95,2.95c0,1.63-1.33,2.95-2.95,2.95          C264.7,582.69,263.38,581.37,263.38,579.74",SVGID_4155_,263.025,576.435,6.61,6.61,175
url(#SVGID_4174_),none,#007200,0.71,round,round,10,"          M286.27,586.77c0-2.279,1.87-4.149,4.15-4.149c2.29,0,4.15,1.87,4.15,4.149c0,2.28-1.86,4.15-4.15,4.15          C288.14,590.92,286.27,589.05,286.27,586.77",SVGID_4173_,285.915,582.265,9.01,9.011,176
url(#SVGID_4192_),none,#007200,0.71,round,round,10,"          M276.94,549.66c0-1.771,1.45-3.22,3.22-3.22s3.22,1.449,3.22,3.22c0,1.77-1.45,3.22-3.22,3.22S276.94,551.43,276.94,549.66",SVGID_4191_,276.585,546.085,7.15,7.15,177
url(#SVGID_4210_),none,#007200,0.71,round,round,10,"          M268.11,525.67c0-1.2,0.98-2.18,2.19-2.18c1.2,0,2.18,0.979,2.18,2.18s-0.98,2.18-2.18,2.18          C269.09,527.85,268.11,526.87,268.11,525.67",SVGID_4209_,267.755,523.135,5.08,5.07,178
url(#SVGID_4228_),none,#007200,0.71,round,round,10,"          M210.71,595.7c0-1.681,1.38-3.061,3.06-3.061c1.69,0,3.07,1.38,3.07,3.061c0,1.68-1.38,3.06-3.07,3.06          C212.09,598.76,210.71,597.38,210.71,595.7",SVGID_4227_,210.355,592.285,6.84,6.83,179
url(#SVGID_4246_),none,#007200,0.71,round,round,10,"          M249.77,555.16c0-2.09,1.71-3.8,3.8-3.8c2.09,0,3.79,1.71,3.79,3.8s-1.7,3.8-3.79,3.8          C251.48,558.96,249.77,557.25,249.77,555.16",SVGID_4245_,249.415,551.005,8.3,8.311,180
url(#SVGID_4264_),none,#007200,0.71,round,round,10,"          M239.84,643.37c0-2.94,2.41-5.34,5.34-5.34c2.94,0,5.35,2.399,5.35,5.34c0,2.939-2.41,5.34-5.35,5.34          C242.25,648.71,239.84,646.31,239.84,643.37",SVGID_4263_,239.485,637.675,11.4,11.391,181
url(#SVGID_4282_),none,#007200,0.71,round,round,10,"          M197.09,550.25c0-1.97,1.61-3.58,3.57-3.58c1.97,0,3.58,1.61,3.58,3.58s-1.61,3.58-3.58,3.58          C198.7,553.83,197.09,552.22,197.09,550.25",SVGID_4281_,196.735,546.315,7.86,7.869,182
url(#SVGID_4300_),none,#007200,0.71,round,round,10,"          M181.25,546.95c0-0.73,0.6-1.32,1.32-1.32c0.72,0,1.32,0.59,1.32,1.32c0,0.72-0.6,1.319-1.32,1.319          C181.85,548.27,181.25,547.67,181.25,546.95",SVGID_4299_,180.895,545.275,3.35,3.35,183
url(#SVGID_4318_),none,#007200,0.71,round,round,10,"          M230.12,518.91c0-0.73,0.6-1.32,1.33-1.32s1.33,0.59,1.33,1.32c0,0.729-0.6,1.33-1.33,1.33S230.12,519.64,230.12,518.91",SVGID_4317_,229.765,517.235,3.37,3.359,184
url(#SVGID_4336_),none,#007200,0.71,round,round,10,"          M311.98,552.24c0-1.58,1.29-2.87,2.86-2.87c1.58,0,2.87,1.29,2.87,2.87s-1.29,2.859-2.87,2.859          C313.27,555.1,311.98,553.82,311.98,552.24",SVGID_4335_,311.625,549.015,6.44,6.44,185
url(#SVGID_4354_),none,#007200,0.71,round,round,10,"          M302.2,543.05c0-1.46,1.19-2.66,2.65-2.66c1.47,0,2.66,1.2,2.66,2.66s-1.19,2.66-2.66,2.66          C303.39,545.71,302.2,544.51,302.2,543.05",SVGID_4353_,301.845,540.035,6.02,6.03,186
url(#SVGID_4372_),none,#007200,0.71,round,round,10,"          M315.25,587.36c0-1.95,1.59-3.54,3.54-3.54c1.94,0,3.53,1.59,3.53,3.54c0,1.939-1.59,3.529-3.53,3.529          C316.84,590.89,315.25,589.3,315.25,587.36",SVGID_4371_,314.895,583.465,7.78,7.78,187
url(#SVGID_4390_),none,#007200,0.71,round,round,10,"          M182.42,629.66c0-1.92,1.56-3.48,3.47-3.48c1.91,0,3.48,1.561,3.48,3.48c0,1.91-1.57,3.47-3.48,3.47          C183.98,633.13,182.42,631.57,182.42,629.66",SVGID_4389_,182.065,625.825,7.66,7.66,188
url(#SVGID_4408_),none,#007200,0.71,round,round,10,"          M260.26,483.64c0-0.699,0.57-1.27,1.27-1.27c0.7,0,1.27,0.57,1.27,1.27c0,0.7-0.57,1.271-1.27,1.271          C260.83,484.91,260.26,484.34,260.26,483.64",SVGID_4407_,259.905,482.015,3.25,3.25,189
url(#SVGID_4426_),none,#007200,0.71,round,round,10,"          M260.37,498.4c0-1.131,0.92-2.051,2.04-2.051c1.12,0,2.04,0.92,2.04,2.051c0,1.119-0.92,2.04-2.04,2.04          C261.29,500.44,260.37,499.52,260.37,498.4",SVGID_4425_,260.015,495.995,4.79,4.8,190
url(#SVGID_4444_),none,#9EF01A,0.71,round,round,10,"          M187.74,371.35c0-1.09,0.89-1.979,1.98-1.979c1.09,0,1.98,0.89,1.98,1.979c0,1.091-0.89,1.98-1.98,1.98          C188.63,373.33,187.74,372.44,187.74,371.35",SVGID_4443_,187.385,369.015,4.67,4.67,191
url(#SVGID_4462_),none,#9EF01A,0.71,round,round,10,"          M171.85,408.81c0-1.569,1.29-2.859,2.87-2.859c1.58,0,2.87,1.29,2.87,2.859c0,1.58-1.29,2.87-2.87,2.87          C173.14,411.68,171.85,410.39,171.85,408.81",SVGID_4461_,171.495,405.595,6.45,6.44,192
url(#SVGID_4480_),none,#9EF01A,0.71,round,round,10,"          M187.75,410.47c0-1.46,1.19-2.649,2.65-2.649s2.65,1.189,2.65,2.649s-1.19,2.66-2.65,2.66S187.75,411.93,187.75,410.47",SVGID_4479_,187.395,407.465,6.01,6.021,193
url(#SVGID_4498_),none,#9EF01A,0.71,round,round,10,"          M176.72,376.48c0-1.551,1.27-2.83,2.83-2.83c1.56,0,2.83,1.279,2.83,2.83c0,1.56-1.27,2.84-2.83,2.84          C177.99,379.32,176.72,378.04,176.72,376.48",SVGID_4497_,176.365,373.295,6.37,6.38,194
url(#SVGID_4516_),none,#9EF01A,0.71,round,round,10,"          M175,395.61c0-1.4,1.14-2.551,2.54-2.551c1.41,0,2.55,1.15,2.55,2.551c0,1.399-1.14,2.54-2.55,2.54          C176.14,398.15,175,397.01,175,395.61",SVGID_4515_,174.645,392.705,5.8,5.8,195
url(#SVGID_4534_),none,#9EF01A,0.71,round,round,10,"          M191.99,359.41c0-1.74,1.43-3.17,3.17-3.17c1.74,0,3.16,1.43,3.16,3.17c0,1.729-1.42,3.16-3.16,3.16          C193.42,362.57,191.99,361.14,191.99,359.41",SVGID_4533_,191.635,355.885,7.04,7.04,196
url(#SVGID_4552_),none,#9EF01A,0.71,round,round,10,"          M141.72,392.43c0-1.609,1.32-2.93,2.93-2.93c1.6,0,2.92,1.32,2.92,2.93c0,1.601-1.32,2.92-2.92,2.92          C143.04,395.35,141.72,394.03,141.72,392.43",SVGID_4551_,141.365,389.145,6.56,6.561,197
url(#SVGID_4570_),none,#9EF01A,0.71,round,round,10,"          M171,359.33c0-2.09,1.71-3.8,3.8-3.8c2.09,0,3.8,1.71,3.8,3.8c0,2.1-1.71,3.81-3.8,3.81          C172.71,363.14,171,361.43,171,359.33",SVGID_4569_,170.645,355.175,8.31,8.32,198
url(#SVGID_4588_),none,#9EF01A,0.71,round,round,10,"          M180.57,351.5c0-1.66,1.35-3.01,3-3.01c1.65,0,3.01,1.35,3.01,3.01c0,1.65-1.36,3-3.01,3          C181.92,354.5,180.57,353.15,180.57,351.5",SVGID_4587_,180.215,348.135,6.72,6.721,199
url(#SVGID_4606_),none,#9EF01A,0.71,round,round,10,"          M153.55,395.49c0-1.681,1.37-3.05,3.05-3.05c1.68,0,3.05,1.369,3.05,3.05c0,1.68-1.37,3.05-3.05,3.05          C154.92,398.54,153.55,397.17,153.55,395.49",SVGID_4605_,153.195,392.085,6.81,6.81,200
url(#SVGID_4624_),none,#9EF01A,0.71,round,round,10,"          M155.71,361.8c0-1.96,1.6-3.569,3.56-3.569s3.56,1.609,3.56,3.569s-1.6,3.561-3.56,3.561S155.71,363.76,155.71,361.8",SVGID_4623_,155.355,357.875,7.83,7.84,201
url(#SVGID_4642_),none,#9EF01A,0.71,round,round,10,"          M133.8,377.84c0-2.2,1.79-3.99,3.99-3.99s3.99,1.79,3.99,3.99s-1.79,3.99-3.99,3.99S133.8,380.04,133.8,377.84",SVGID_4641_,133.445,373.495,8.69,8.689,202
url(#SVGID_4660_),none,#9EF01A,0.71,round,round,10,"          M106.57,375.82c0-2.23,1.82-4.061,4.05-4.061s4.05,1.83,4.05,4.061c0,2.22-1.82,4.05-4.05,4.05S106.57,378.04,106.57,375.82          ",SVGID_4659_,106.215,371.405,8.81,8.819,203
url(#SVGID_4678_),none,#9EF01A,0.71,round,round,10,"          M42.45,351.49c0-1.5,1.23-2.73,2.73-2.73s2.73,1.23,2.73,2.73s-1.23,2.73-2.73,2.73S42.45,352.99,42.45,351.49",SVGID_4677_,42.095,348.405,6.17,6.17,204
url(#SVGID_4696_),none,#9EF01A,0.71,round,round,10,"          M114.9,338.29c0-2.4,1.97-4.36,4.36-4.36c2.4,0,4.36,1.96,4.36,4.36s-1.96,4.36-4.36,4.36          C116.87,342.65,114.9,340.69,114.9,338.29",SVGID_4695_,114.545,333.575,9.43,9.43,205
url(#SVGID_4714_),none,#9EF01A,0.71,round,round,10,"          M139.68,332.17c0-2.14,1.75-3.88,3.88-3.88s3.88,1.74,3.88,3.88c0,2.13-1.75,3.87-3.88,3.87S139.68,334.3,139.68,332.17",SVGID_4713_,139.325,327.935,8.47,8.46,206
url(#SVGID_4732_),none,#9EF01A,0.71,round,round,10,"          M66.27,364.25c0-2.19,1.79-3.97,3.98-3.97c2.18,0,3.97,1.779,3.97,3.97s-1.79,3.98-3.97,3.98          C68.06,368.23,66.27,366.44,66.27,364.25",SVGID_4731_,65.915,359.925,8.66,8.66,207
url(#SVGID_4750_),none,#9EF01A,0.71,round,round,10,"          M87.68,342.07c0-1.81,1.47-3.28,3.28-3.28s3.28,1.47,3.28,3.28s-1.47,3.28-3.28,3.28S87.68,343.88,87.68,342.07",SVGID_4749_,87.325,338.435,7.27,7.27,208
url(#SVGID_4768_),none,#9EF01A,0.71,round,round,10,"          M155.27,311.28c0-1.94,1.59-3.53,3.54-3.53c1.94,0,3.53,1.59,3.53,3.53c0,1.94-1.59,3.53-3.53,3.53          C156.86,314.81,155.27,313.22,155.27,311.28",SVGID_4767_,154.915,307.395,7.78,7.77,209
url(#SVGID_4786_),none,#9EF01A,0.71,round,round,10,"          M157.25,339.91c0-1.82,1.49-3.31,3.31-3.31c1.83,0,3.32,1.49,3.32,3.31c0,1.82-1.49,3.31-3.32,3.31          C158.74,343.22,157.25,341.73,157.25,339.91",SVGID_4785_,156.895,336.245,7.34,7.33,210
url(#SVGID_4804_),none,#9EF01A,0.71,round,round,10,"          M116.29,358.88c0-1.66,1.36-3.02,3.02-3.02s3.02,1.359,3.02,3.02s-1.36,3.021-3.02,3.021S116.29,360.54,116.29,358.88",SVGID_4803_,115.935,355.505,6.75,6.75,211
url(#SVGID_4822_),none,#9EF01A,0.71,round,round,10,"          M132.09,294.55c0-1.77,1.44-3.21,3.2-3.21c1.76,0,3.2,1.44,3.2,3.21c0,1.76-1.44,3.2-3.2,3.2          C133.53,297.75,132.09,296.31,132.09,294.55",SVGID_4821_,131.735,290.985,7.11,7.12,212
url(#SVGID_4840_),none,#9EF01A,0.71,round,round,10,"          M86.22,290.96c0-2.78,2.27-5.05,5.05-5.05c2.77,0,5.04,2.27,5.04,5.05c0,2.77-2.27,5.04-5.04,5.04          C88.49,296,86.22,293.73,86.22,290.96",SVGID_4839_,85.865,285.555,10.8,10.8,213
url(#SVGID_4858_),none,#9EF01A,0.71,round,round,10,"          M227.72,394.91c0-1.92,1.56-3.48,3.47-3.48s3.48,1.561,3.48,3.48c0,1.91-1.57,3.47-3.48,3.47S227.72,396.82,227.72,394.91",SVGID_4857_,227.365,391.075,7.66,7.66,214
url(#SVGID_4876_),none,#38B000,0.71,round,round,10,"          M111.45,528.36c0-2.061,1.69-3.74,3.75-3.74c2.06,0,3.74,1.68,3.74,3.74c0,2.06-1.68,3.739-3.74,3.739          C113.14,532.1,111.45,530.42,111.45,528.36",SVGID_4875_,111.095,524.265,8.2,8.19,215
url(#SVGID_4894_),none,#EC4067,0.71,round,round,10,"          M231.68,440.07c0-1.811,1.48-3.301,3.3-3.301s3.3,1.49,3.3,3.301c0,1.819-1.48,3.31-3.3,3.31S231.68,441.89,231.68,440.07",SVGID_4893_,231.325,436.415,7.31,7.32,216
url(#SVGID_4912_),none,#6B5CA5,0.71,round,round,10,"          M185.99,521.49c0-1.811,1.49-3.29,3.3-3.29s3.29,1.479,3.29,3.29c0,1.81-1.48,3.29-3.29,3.29S185.99,523.3,185.99,521.49",SVGID_4911_,185.635,517.845,7.3,7.29,217
url(#SVGID_4930_),none,#6B5CA5,0.71,round,round,10,"          M189.34,499.98c0-1.061,0.87-1.931,1.93-1.931s1.93,0.87,1.93,1.931c0,1.06-0.87,1.92-1.93,1.92          S189.34,501.04,189.34,499.98",SVGID_4929_,188.985,497.695,4.57,4.56,218
url(#SVGID_4948_),none,#6B5CA5,0.71,round,round,10,"          M240.57,512.13c0-0.95,0.78-1.729,1.73-1.729c0.95,0,1.72,0.779,1.72,1.729s-0.77,1.73-1.72,1.73          C241.35,513.86,240.57,513.08,240.57,512.13",SVGID_4947_,240.215,510.045,4.16,4.17,219
url(#SVGID_4966_),none,#6B5CA5,0.71,round,round,10,"          M228.5,505.61c0-1.341,1.1-2.44,2.44-2.44s2.44,1.1,2.44,2.44c0,1.34-1.1,2.439-2.44,2.439S228.5,506.95,228.5,505.61",SVGID_4965_,228.145,502.815,5.59,5.59,220
url(#SVGID_4984_),none,#6B5CA5,0.71,round,round,10,"          M215.86,439.58c0-2.15,1.76-3.91,3.91-3.91s3.91,1.76,3.91,3.91s-1.76,3.91-3.91,3.91S215.86,441.73,215.86,439.58",SVGID_4983_,215.505,435.315,8.53,8.529,221
url(#SVGID_5002_),none,#6B5CA5,0.71,round,round,10,"          M232.68,465.66c0-2.05,1.68-3.72,3.72-3.72c2.05,0,3.73,1.67,3.73,3.72s-1.68,3.72-3.73,3.72          C234.36,469.38,232.68,467.71,232.68,465.66",SVGID_5001_,232.325,461.585,8.16,8.15,222
url(#SVGID_5020_),none,#6B5CA5,0.71,round,round,10,"          M219.62,480.27c0-1.189,0.98-2.17,2.17-2.17s2.17,0.98,2.17,2.17c0,1.2-0.98,2.171-2.17,2.171S219.62,481.47,219.62,480.27",SVGID_5019_,219.265,477.745,5.05,5.05,223
url(#SVGID_5038_),none,#6B5CA5,0.71,round,round,10,"          M219.74,467.68c0-1.72,1.41-3.12,3.13-3.12c1.71,0,3.12,1.4,3.12,3.12c0,1.721-1.41,3.12-3.12,3.12          C221.15,470.8,219.74,469.4,219.74,467.68",SVGID_5037_,219.385,464.205,6.96,6.95,224
url(#SVGID_5056_),none,#6B5CA5,0.71,round,round,10,"          M206.42,445.27c0-1.539,1.26-2.8,2.81-2.8c1.54,0,2.8,1.261,2.8,2.8c0,1.551-1.26,2.811-2.8,2.811          C207.68,448.08,206.42,446.82,206.42,445.27",SVGID_5055_,206.065,442.115,6.32,6.319,225
url(#SVGID_5074_),none,#6B5CA5,0.71,round,round,10,"          M218.92,514.04c0-1.2,0.98-2.19,2.18-2.19c1.21,0,2.19,0.99,2.19,2.19s-0.98,2.19-2.19,2.19          C219.9,516.23,218.92,515.24,218.92,514.04",SVGID_5073_,218.565,511.495,5.08,5.09,226
url(#SVGID_5092_),none,#6B5CA5,0.71,round,round,10,"          M234.16,482.13c0-0.96,0.78-1.74,1.73-1.74c0.96,0,1.74,0.78,1.74,1.74c0,0.95-0.78,1.73-1.74,1.73          C234.94,483.86,234.16,483.08,234.16,482.13",SVGID_5091_,233.805,480.035,4.18,4.18,227
url(#SVGID_5110_),none,#6B5CA5,0.71,round,round,10,"          M123.01,514.64c0-1.51,1.23-2.739,2.73-2.739c1.51,0,2.74,1.229,2.74,2.739c0,1.5-1.23,2.74-2.74,2.74          C124.24,517.38,123.01,516.14,123.01,514.64",SVGID_5109_,122.655,511.545,6.18,6.19,228
url(#SVGID_5128_),none,#6B5CA5,0.71,round,round,10,"          M204.69,513.55c0-1.45,1.19-2.63,2.64-2.63c1.45,0,2.63,1.18,2.63,2.63s-1.18,2.641-2.63,2.641          C205.88,516.19,204.69,515,204.69,513.55",SVGID_5127_,204.335,510.565,5.98,5.979,229
url(#SVGID_5146_),none,#6B5CA5,0.71,round,round,10,"          M222.52,496.86c0-1.11,0.9-2.011,2.01-2.011c1.11,0,2.01,0.9,2.01,2.011c0,1.109-0.9,2.02-2.01,2.02          C223.42,498.88,222.52,497.97,222.52,496.86",SVGID_5145_,222.165,494.495,4.73,4.74,230
url(#SVGID_5164_),none,#6B5CA5,0.71,round,round,10,"          M201.43,464.69c0-1.49,1.22-2.71,2.71-2.71c1.49,0,2.71,1.22,2.71,2.71c0,1.489-1.22,2.71-2.71,2.71          C202.65,467.4,201.43,466.18,201.43,464.69",SVGID_5163_,201.075,461.625,6.13,6.13,231
url(#SVGID_5182_),none,#6B5CA5,0.71,round,round,10,"          M194.43,458c0-1.6,1.3-2.9,2.9-2.9s2.91,1.301,2.91,2.9s-1.31,2.91-2.91,2.91S194.43,459.6,194.43,458",SVGID_5181_,194.075,454.745,6.52,6.52,232
url(#SVGID_5200_),none,#6B5CA5,0.71,round,round,10,"          M134.55,489.6c0-0.979,0.8-1.779,1.77-1.779c0.98,0,1.78,0.8,1.78,1.779c0,0.971-0.8,1.771-1.78,1.771          C135.35,491.37,134.55,490.57,134.55,489.6",SVGID_5199_,134.195,487.465,4.26,4.26,233
url(#SVGID_5218_),none,#007200,0.71,round,round,10,"          M182.32,567.08c0-0.7,0.56-1.271,1.26-1.271c0.69,0,1.26,0.57,1.26,1.271c0,0.689-0.57,1.26-1.26,1.26          C182.88,568.34,182.32,567.77,182.32,567.08",SVGID_5217_,181.965,565.455,3.23,3.24,234
url(#SVGID_5236_),none,#6B5CA5,0.71,round,round,10,"          M120.37,498.84c0-2.01,1.65-3.66,3.66-3.66c2.01,0,3.66,1.65,3.66,3.66s-1.65,3.66-3.66,3.66          C122.02,502.5,120.37,500.85,120.37,498.84",SVGID_5235_,120.015,494.825,8.03,8.03,235
url(#SVGID_5254_),none,#F0A0FF,0.71,round,round,10,"          M193.28,480.66c0-1,0.81-1.82,1.81-1.82s1.82,0.82,1.82,1.82s-0.82,1.81-1.82,1.81S193.28,481.66,193.28,480.66",SVGID_5253_,192.925,478.485,4.34,4.34,236
url(#SVGID_5272_),none,#F0A0FF,0.71,round,round,10,"          M202.52,474.39c0-1.58,1.29-2.859,2.86-2.859c1.57,0,2.85,1.279,2.85,2.859c0,1.57-1.28,2.851-2.85,2.851          C203.81,477.24,202.52,475.96,202.52,474.39",SVGID_5271_,202.165,471.175,6.42,6.42,237
url(#SVGID_5290_),none,#F0A0FF,0.71,round,round,10,"          M159.45,544.17c0-2.15,1.76-3.91,3.92-3.91c2.15,0,3.91,1.76,3.91,3.91s-1.76,3.92-3.91,3.92          C161.21,548.09,159.45,546.32,159.45,544.17",SVGID_5289_,159.095,539.905,8.54,8.54,238
url(#SVGID_5308_),none,#F0A0FF,0.71,round,round,10,"          M207.12,485.64c0-0.83,0.68-1.5,1.5-1.5c0.83,0,1.5,0.67,1.5,1.5c0,0.82-0.67,1.5-1.5,1.5          C207.8,487.14,207.12,486.46,207.12,485.64",SVGID_5307_,206.765,483.785,3.71,3.71,239
url(#SVGID_5326_),none,#F0A0FF,0.71,round,round,10,"          M177.47,492.79c0-0.87,0.71-1.58,1.58-1.58c0.87,0,1.58,0.71,1.58,1.58s-0.71,1.58-1.58,1.58          C178.18,494.37,177.47,493.66,177.47,492.79",SVGID_5325_,177.115,490.855,3.87,3.869,240
url(#SVGID_5344_),none,#F0A0FF,0.71,round,round,10,"          M176.85,508.52c0-1.02,0.83-1.85,1.85-1.85c1.01,0,1.84,0.83,1.84,1.85c0,1.011-0.83,1.851-1.84,1.851          C177.68,510.37,176.85,509.53,176.85,508.52",SVGID_5343_,176.495,506.315,4.4,4.409,241
url(#SVGID_5362_),none,#F0A0FF,0.71,round,round,10,"          M169.66,528.1c0-0.909,0.74-1.649,1.65-1.649s1.65,0.74,1.65,1.649c0,0.91-0.74,1.65-1.65,1.65S169.66,529.01,169.66,528.1",SVGID_5361_,169.305,526.095,4.01,4.011,242
url(#SVGID_5380_),none,#F0A0FF,0.71,round,round,10,"          M193.38,493.12c0-1.97,1.62-3.59,3.6-3.59c1.97,0,3.59,1.62,3.59,3.59c0,1.979-1.62,3.59-3.59,3.59          C195,496.71,193.38,495.1,193.38,493.12",SVGID_5379_,193.025,489.175,7.9,7.891,243
url(#SVGID_5398_),none,#F0A0FF,0.71,round,round,10,"          M181.49,463.48c0-1.261,1.04-2.301,2.3-2.301c1.27,0,2.3,1.04,2.3,2.301c0,1.27-1.03,2.3-2.3,2.3          C182.53,465.78,181.49,464.75,181.49,463.48",SVGID_5397_,181.135,460.825,5.31,5.31,244
url(#SVGID_5416_),none,#F0A0FF,0.71,round,round,10,"          M141.34,538.27c0-1.89,1.55-3.439,3.45-3.439c1.89,0,3.44,1.55,3.44,3.439c0,1.9-1.55,3.45-3.44,3.45          C142.89,541.72,141.34,540.17,141.34,538.27",SVGID_5415_,140.985,534.475,7.6,7.601,245
url(#SVGID_5434_),none,#F0A0FF,0.71,round,round,10,"          M164.3,513.38c0-1.66,1.36-3.03,3.03-3.03s3.03,1.37,3.03,3.03c0,1.67-1.36,3.04-3.03,3.04S164.3,515.05,164.3,513.38",SVGID_5433_,163.945,509.995,6.77,6.78,246
url(#SVGID_5452_),none,#F0A0FF,0.71,round,round,10,"          M163.01,500.64c0-1.409,1.16-2.56,2.57-2.56s2.56,1.15,2.56,2.56c0,1.42-1.15,2.57-2.56,2.57S163.01,502.06,163.01,500.64",SVGID_5451_,162.655,497.725,5.84,5.841,247
url(#SVGID_5470_),none,#F0A0FF,0.71,round,round,10,"          M151.53,489.92c0-1.729,1.42-3.15,3.15-3.15s3.15,1.421,3.15,3.15c0,1.73-1.42,3.15-3.15,3.15S151.53,491.65,151.53,489.92",SVGID_5469_,151.175,486.415,7.01,7.01,248
url(#SVGID_5488_),none,#F0A0FF,0.71,round,round,10,"          M153.3,525.45c0-1.07,0.87-1.94,1.94-1.94c1.06,0,1.94,0.87,1.94,1.94c0,1.069-0.88,1.939-1.94,1.939          C154.17,527.39,153.3,526.52,153.3,525.45",SVGID_5487_,152.945,523.155,4.59,4.59,249
url(#SVGID_5506_),none,#F0A0FF,0.71,round,round,10,"          M160.91,476.54c0-1.2,0.98-2.18,2.18-2.18c1.2,0,2.18,0.979,2.18,2.18s-0.98,2.18-2.18,2.18          C161.89,478.72,160.91,477.74,160.91,476.54",SVGID_5505_,160.555,474.005,5.07,5.07,250
url(#SVGID_5524_),none,#F0A0FF,0.71,round,round,10,"          M158.65,571.95c0-1.681,1.37-3.061,3.05-3.061c1.68,0,3.05,1.38,3.05,3.061c0,1.67-1.37,3.05-3.05,3.05          C160.02,575,158.65,573.62,158.65,571.95",SVGID_5523_,158.295,568.535,6.81,6.82,251
url(#SVGID_5542_),none,#F0A0FF,0.71,round,round,10,"          M224.83,453.47c0-1.189,0.97-2.149,2.15-2.149s2.15,0.96,2.15,2.149c0,1.181-0.97,2.15-2.15,2.15          S224.83,454.65,224.83,453.47",SVGID_5541_,224.475,450.965,5.01,5.01,252
url(#SVGID_5560_),none,#F0A0FF,0.71,round,round,10,"          M160.53,460.29c0-0.99,0.81-1.8,1.8-1.8c0.99,0,1.8,0.81,1.8,1.8s-0.81,1.8-1.8,1.8          C161.34,462.09,160.53,461.28,160.53,460.29",SVGID_5559_,160.175,458.135,4.31,4.311,253
url(#SVGID_5578_),none,#F0A0FF,0.71,round,round,10,"          M98.49,554.15c0-1.341,1.09-2.44,2.44-2.44c1.34,0,2.44,1.1,2.44,2.44c0,1.35-1.1,2.449-2.44,2.449          C99.58,556.6,98.49,555.5,98.49,554.15",SVGID_5577_,98.135,551.355,5.59,5.6,254
url(#SVGID_5596_),none,#F0A0FF,0.71,round,round,10,"          M132.94,522.66c0-0.98,0.81-1.79,1.79-1.79s1.79,0.81,1.79,1.79c0,0.979-0.81,1.78-1.79,1.78S132.94,523.64,132.94,522.66",SVGID_5595_,132.585,520.515,4.29,4.28,255
url(#SVGID_5614_),none,#F0A0FF,0.71,round,round,10,"          M110.99,563.09c0-1.95,1.6-3.54,3.55-3.54s3.55,1.59,3.55,3.54s-1.6,3.55-3.55,3.55S110.99,565.04,110.99,563.09",SVGID_5613_,110.635,559.195,7.81,7.8,256
url(#SVGID_5632_),none,#F0A0FF,0.71,round,round,10,"          M127.36,557.1c0-1.33,1.08-2.409,2.41-2.409c1.34,0,2.42,1.079,2.42,2.409c0,1.341-1.08,2.42-2.42,2.42          C128.44,559.52,127.36,558.44,127.36,557.1",SVGID_5631_,127.005,554.335,5.54,5.54,257
url(#SVGID_5650_),none,#F0A0FF,0.71,round,round,10,"          M136.45,569.53c0-1.471,1.21-2.681,2.69-2.681c1.47,0,2.68,1.21,2.68,2.681c0,1.479-1.21,2.689-2.68,2.689          C137.66,572.22,136.45,571.01,136.45,569.53",SVGID_5649_,136.095,566.495,6.08,6.08,258
url(#SVGID_5668_),none,#F0A0FF,0.71,round,round,10,"          M182.9,477.69c0-0.99,0.81-1.801,1.8-1.801c1,0,1.81,0.811,1.81,1.801c0,0.989-0.81,1.8-1.81,1.8          C183.71,479.49,182.9,478.68,182.9,477.69",SVGID_5667_,182.545,475.535,4.32,4.31,259
url(#SVGID_5686_),none,#F0A0FF,0.71,round,round,10,"          M147.74,508.19c0-0.95,0.78-1.74,1.73-1.74c0.96,0,1.74,0.79,1.74,1.74c0,0.96-0.78,1.739-1.74,1.739          C148.52,509.93,147.74,509.15,147.74,508.19",SVGID_5685_,147.385,506.095,4.18,4.19,260
url(#SVGID_5704_),none,#F0A0FF,0.71,round,round,10,"          M170.56,467.7c0-1.15,0.94-2.08,2.09-2.08s2.08,0.93,2.08,2.08c0,1.149-0.93,2.09-2.08,2.09S170.56,468.85,170.56,467.7",SVGID_5703_,170.205,465.265,4.88,4.88,261
url(#SVGID_5722_),none,#086375,0.71,round,round,10,"          M398.69,112.31c0-1.29,1.06-2.34,2.34-2.34c1.29,0,2.34,1.05,2.34,2.34c0,1.28-1.05,2.33-2.34,2.33          C399.75,114.64,398.69,113.59,398.69,112.31",SVGID_5721_,398.335,109.615,5.39,5.38,262
url(#SVGID_5740_),none,#72195A,0.71,round,round,10,"          M191.34,431.12c0-1.63,1.33-2.97,2.97-2.97c1.63,0,2.97,1.34,2.97,2.97c0,1.64-1.34,2.97-2.97,2.97          C192.67,434.09,191.34,432.76,191.34,431.12",SVGID_5739_,190.985,427.795,6.65,6.65,263
url(#SVGID_5758_),none,#72195A,0.71,round,round,10,"          M177.59,433.34c0-1.729,1.41-3.14,3.14-3.14c1.72,0,3.13,1.41,3.13,3.14c0,1.72-1.41,3.13-3.13,3.13          C179,436.47,177.59,435.06,177.59,433.34",SVGID_5757_,177.235,429.845,6.98,6.98,264
url(#SVGID_5776_),none,#72195A,0.71,round,round,10,"          M157.37,446.17c0-1.09,0.89-1.979,1.98-1.979c1.09,0,1.98,0.89,1.98,1.979s-0.89,1.98-1.98,1.98          C158.26,448.15,157.37,447.26,157.37,446.17",SVGID_5775_,157.015,443.835,4.67,4.67,265
url(#SVGID_5794_),none,#72195A,0.71,round,round,10,"          M169.47,439.08c0-1.14,0.92-2.061,2.05-2.061c1.14,0,2.06,0.921,2.06,2.061c0,1.13-0.92,2.05-2.06,2.05          C170.39,441.13,169.47,440.21,169.47,439.08",SVGID_5793_,169.115,436.665,4.82,4.82,266
url(#SVGID_5812_),none,#72195A,0.71,round,round,10,"          M182.69,403.94c0-1.551,1.26-2.811,2.81-2.811s2.81,1.26,2.81,2.811c0,1.55-1.26,2.819-2.81,2.819          S182.69,405.49,182.69,403.94",SVGID_5811_,182.335,400.775,6.33,6.34,267
url(#SVGID_5830_),none,#72195A,0.71,round,round,10,"          M161.5,382c0-1.56,1.27-2.83,2.83-2.83s2.84,1.271,2.84,2.83s-1.28,2.84-2.84,2.84S161.5,383.56,161.5,382",SVGID_5829_,161.145,378.815,6.38,6.38,268
url(#SVGID_5848_),none,#72195A,0.71,round,round,10,"          M214.34,389.18c0-1.3,1.06-2.359,2.35-2.359c1.3,0,2.36,1.06,2.36,2.359c0,1.29-1.06,2.351-2.36,2.351          C215.4,391.53,214.34,390.47,214.34,389.18",SVGID_5847_,213.985,386.465,5.42,5.42,269
url(#SVGID_5866_),none,#72195A,0.71,round,round,10,"          M198.41,386.77c0-1.42,1.16-2.579,2.58-2.579c1.42,0,2.58,1.159,2.58,2.579c0,1.421-1.16,2.58-2.58,2.58          C199.57,389.35,198.41,388.19,198.41,386.77",SVGID_5865_,198.055,383.835,5.87,5.87,270
url(#SVGID_5884_),none,#72195A,0.71,round,round,10,"          M197.43,398.43c0-1.47,1.2-2.68,2.68-2.68c1.47,0,2.68,1.21,2.68,2.68c0,1.48-1.21,2.69-2.68,2.69          C198.63,401.12,197.43,399.91,197.43,398.43",SVGID_5883_,197.075,395.395,6.07,6.08,271
url(#SVGID_5902_),none,#72195A,0.71,round,round,10,"          M183.58,387.59c0-1.52,1.25-2.77,2.77-2.77c1.53,0,2.78,1.25,2.78,2.77c0,1.521-1.25,2.771-2.78,2.771          C184.83,390.36,183.58,389.11,183.58,387.59",SVGID_5901_,183.225,384.465,6.26,6.25,272
url(#SVGID_5920_),none,#72195A,0.71,round,round,10,"          M214.09,374.8c0-1.91,1.57-3.479,3.48-3.479c1.91,0,3.47,1.569,3.47,3.479s-1.56,3.47-3.47,3.47          C215.66,378.27,214.09,376.71,214.09,374.8",SVGID_5919_,213.735,370.965,7.66,7.66,273
url(#SVGID_5938_),none,#72195A,0.71,round,round,10,"          M216.1,404.39c0-1.189,0.97-2.159,2.16-2.159c1.19,0,2.17,0.97,2.17,2.159c0,1.19-0.98,2.17-2.17,2.17          C217.07,406.56,216.1,405.58,216.1,404.39",SVGID_5937_,215.745,401.875,5.04,5.04,274
url(#SVGID_5956_),none,#72195A,0.71,round,round,10,"          M171.89,455.3c0-1.53,1.25-2.77,2.77-2.77s2.77,1.239,2.77,2.77c0,1.521-1.25,2.76-2.77,2.76S171.89,456.82,171.89,455.3",SVGID_5955_,171.535,452.175,6.25,6.24,275
url(#SVGID_5974_),none,#72195A,0.71,round,round,10,"          M206.36,431.88c0-1.52,1.24-2.76,2.76-2.76s2.76,1.24,2.76,2.76c0,1.521-1.24,2.76-2.76,2.76S206.36,433.4,206.36,431.88",SVGID_5973_,206.005,428.765,6.23,6.23,276
url(#SVGID_5992_),none,#72195A,0.71,round,round,10,"          M217.87,419.11c0-2.03,1.67-3.69,3.7-3.69c2.03,0,3.69,1.66,3.69,3.69c0,2.029-1.66,3.699-3.69,3.699          C219.54,422.81,217.87,421.14,217.87,419.11",SVGID_5991_,217.515,415.065,8.1,8.1,277
url(#SVGID_6010_),none,#72195A,0.71,round,round,10,"          M118.38,406.46c0-1.31,1.07-2.38,2.38-2.38c1.3,0,2.38,1.07,2.38,2.38s-1.08,2.38-2.38,2.38          C119.45,408.84,118.38,407.77,118.38,406.46",SVGID_6009_,118.025,403.725,5.47,5.471,278
url(#SVGID_6028_),none,#72195A,0.71,round,round,10,"          M136.59,405.8c0-0.78,0.64-1.43,1.43-1.43c0.78,0,1.42,0.649,1.42,1.43s-0.64,1.431-1.42,1.431          C137.23,407.23,136.59,406.58,136.59,405.8",SVGID_6027_,136.235,404.015,3.56,3.57,279
url(#SVGID_6046_),none,#72195A,0.71,round,round,10,"          M122.42,389.07c0-0.66,0.54-1.2,1.21-1.2c0.66,0,1.2,0.54,1.2,1.2s-0.54,1.199-1.2,1.199          C122.96,390.27,122.42,389.73,122.42,389.07",SVGID_6045_,122.065,387.515,3.12,3.11,280
url(#SVGID_6064_),none,#72195A,0.71,round,round,10,"          M163.4,409.4c0-0.881,0.72-1.601,1.6-1.601s1.6,0.72,1.6,1.601c0,0.88-0.72,1.6-1.6,1.6S163.4,410.28,163.4,409.4",SVGID_6063_,163.045,407.445,3.91,3.91,281
url(#SVGID_6082_),none,#72195A,0.71,round,round,10,"          M100.26,396.89c0-0.689,0.57-1.26,1.26-1.26s1.26,0.57,1.26,1.26c0,0.69-0.57,1.261-1.26,1.261S100.26,397.58,100.26,396.89          ",SVGID_6081_,99.905,395.275,3.23,3.229,282
url(#SVGID_6100_),none,#0096C7,0.71,round,round,10,"          M153.31,434.13c0-1.79,1.47-3.26,3.26-3.26s3.26,1.47,3.26,3.26s-1.47,3.26-3.26,3.26S153.31,435.92,153.31,434.13",SVGID_6099_,152.955,430.515,7.23,7.23,283
url(#SVGID_6118_),none,#0096C7,0.71,round,round,10,"          M153.28,421.61c0-1.021,0.83-1.851,1.85-1.851s1.85,0.83,1.85,1.851c0,1.02-0.83,1.85-1.85,1.85          S153.28,422.63,153.28,421.61",SVGID_6117_,152.925,419.405,4.41,4.41,284
url(#SVGID_6136_),none,#0096C7,0.71,round,round,10,"          M128.44,428.85c0-1.81,1.48-3.3,3.3-3.3c1.82,0,3.3,1.49,3.3,3.3c0,1.82-1.48,3.301-3.3,3.301          C129.92,432.15,128.44,430.67,128.44,428.85",SVGID_6135_,128.085,425.195,7.31,7.31,285
url(#SVGID_6154_),none,#0096C7,0.71,round,round,10,"          M108.15,410.12c0-0.98,0.8-1.78,1.78-1.78c0.99,0,1.79,0.8,1.79,1.78c0,0.979-0.8,1.79-1.79,1.79          C108.95,411.91,108.15,411.1,108.15,410.12",SVGID_6153_,107.795,407.985,4.28,4.279,286
url(#SVGID_6172_),none,#0096C7,0.71,round,round,10,"          M131.26,473.07c0-1.44,1.19-2.63,2.64-2.63c1.45,0,2.63,1.189,2.63,2.63c0,1.449-1.18,2.64-2.63,2.64          C132.45,475.71,131.26,474.52,131.26,473.07",SVGID_6171_,130.905,470.085,5.98,5.98,287
url(#SVGID_6190_),none,#0096C7,0.71,round,round,10,"          M129.1,447.74c0-1.19,0.98-2.16,2.17-2.16s2.16,0.97,2.16,2.16c0,1.189-0.97,2.16-2.16,2.16S129.1,448.93,129.1,447.74",SVGID_6189_,128.745,445.225,5.04,5.03,288
url(#SVGID_6208_),none,#0096C7,0.71,round,round,10,"          M141.11,449.59c0-1.07,0.88-1.95,1.95-1.95s1.95,0.88,1.95,1.95s-0.88,1.95-1.95,1.95S141.11,450.66,141.11,449.59",SVGID_6207_,140.755,447.285,4.61,4.609,289
url(#SVGID_6226_),none,#0096C7,0.71,round,round,10,"          M127.2,459.92c0-1.229,1-2.229,2.23-2.229c1.22,0,2.22,1,2.22,2.229c0,1.22-1,2.22-2.22,2.22          C128.2,462.14,127.2,461.14,127.2,459.92",SVGID_6225_,126.845,457.335,5.16,5.16,290
url(#SVGID_6244_),none,#0096C7,0.71,round,round,10,"          M100.9,468.15c0-1.33,1.1-2.431,2.43-2.431c1.34,0,2.44,1.101,2.44,2.431c0,1.34-1.1,2.43-2.44,2.43          C102,470.58,100.9,469.49,100.9,468.15",SVGID_6243_,100.545,465.365,5.58,5.569,291
url(#SVGID_6262_),none,#0096C7,0.71,round,round,10,"          M143.25,475.85c0-1.569,1.28-2.859,2.85-2.859c1.57,0,2.85,1.29,2.85,2.859c0,1.57-1.28,2.851-2.85,2.851          C144.53,478.7,143.25,477.42,143.25,475.85",SVGID_6261_,142.895,472.635,6.41,6.42,292
url(#SVGID_6280_),none,#0096C7,0.71,round,round,10,"          M114.73,470.83c0-2.08,1.7-3.79,3.78-3.79c2.08,0,3.79,1.71,3.79,3.79s-1.71,3.78-3.79,3.78          C116.43,474.61,114.73,472.91,114.73,470.83",SVGID_6279_,114.375,466.685,8.28,8.28,293
url(#SVGID_6298_),none,#0096C7,0.71,round,round,10,"          M144.52,457.24c0-1.351,1.1-2.45,2.44-2.45c1.35,0,2.45,1.1,2.45,2.45c0,1.34-1.1,2.439-2.45,2.439          C145.62,459.68,144.52,458.58,144.52,457.24",SVGID_6297_,144.165,454.435,5.6,5.601,294
url(#SVGID_6316_),none,#0096C7,0.71,round,round,10,"          M105.14,434.09c0-1.99,1.62-3.609,3.6-3.609c1.99,0,3.61,1.619,3.61,3.609c0,1.98-1.62,3.601-3.61,3.601          C106.76,437.69,105.14,436.07,105.14,434.09",SVGID_6315_,104.785,430.125,7.92,7.92,295
url(#SVGID_6334_),none,#0096C7,0.71,round,round,10,"          M171.89,420.64c0-1.18,0.97-2.14,2.15-2.14s2.14,0.96,2.14,2.14c0,1.181-0.96,2.15-2.14,2.15S171.89,421.82,171.89,420.64",SVGID_6333_,171.535,418.145,5.0,5.0,296
url(#SVGID_6352_),none,#0096C7,0.71,round,round,10,"          M120.79,437.41c0-0.65,0.53-1.18,1.18-1.18c0.64,0,1.17,0.529,1.17,1.18c0,0.649-0.53,1.18-1.17,1.18          C121.32,438.59,120.79,438.06,120.79,437.41",SVGID_6351_,120.435,435.875,3.06,3.07,297
url(#SVGID_6370_),none,#0096C7,0.71,round,round,10,"          M114.49,447.28c0-1.391,1.14-2.521,2.52-2.521c1.39,0,2.52,1.13,2.52,2.521c0,1.39-1.13,2.52-2.52,2.52          C115.63,449.8,114.49,448.67,114.49,447.28",SVGID_6369_,114.135,444.405,5.75,5.75,298
url(#SVGID_6388_),none,#0096C7,0.71,round,round,10,"          M146.39,411.64c0-0.72,0.6-1.31,1.32-1.31c0.73,0,1.32,0.59,1.32,1.31c0,0.73-0.59,1.32-1.32,1.32          C146.99,412.96,146.39,412.37,146.39,411.64",SVGID_6387_,146.035,409.975,3.35,3.341,299
url(#SVGID_6406_),none,#0096C7,0.71,round,round,10,"          M79.57,428.15c0-2.021,1.65-3.67,3.67-3.67c2.02,0,3.68,1.649,3.68,3.67c0,2.02-1.66,3.67-3.68,3.67          C81.22,431.82,79.57,430.17,79.57,428.15",SVGID_6405_,79.215,424.125,8.06,8.05,300
url(#SVGID_6424_),none,#0096C7,0.71,round,round,10,"          M187.97,420.06c0-0.76,0.61-1.369,1.37-1.369c0.75,0,1.37,0.609,1.37,1.369c0,0.75-0.62,1.37-1.37,1.37          C188.58,421.43,187.97,420.81,187.97,420.06",SVGID_6423_,187.615,418.335,3.45,3.45,301
url(#SVGID_6442_),none,#0096C7,0.71,round,round,10,"          M143.63,436.84c0-0.8,0.65-1.46,1.46-1.46c0.8,0,1.45,0.66,1.45,1.46s-0.65,1.45-1.45,1.45          C144.28,438.29,143.63,437.64,143.63,436.84",SVGID_6441_,143.275,435.025,3.62,3.619,302
url(#SVGID_6460_),none,#0096C7,0.71,round,round,10,"          M113.29,421.26c0-1.17,0.96-2.13,2.12-2.13c1.17,0,2.12,0.96,2.12,2.13c0,1.16-0.95,2.12-2.12,2.12          C114.25,423.38,113.29,422.42,113.29,421.26",SVGID_6459_,112.935,418.775,4.95,4.96,303
url(#SVGID_6478_),none,#0096C7,0.71,round,round,10,"          M67.23,408.42c0-2.24,1.83-4.07,4.07-4.07c2.24,0,4.08,1.83,4.08,4.07s-1.84,4.07-4.08,4.07          C69.06,412.49,67.23,410.66,67.23,408.42",SVGID_6477_,66.875,403.995,8.86,8.85,304
url(#SVGID_6496_),none,#0096C7,0.71,round,round,10,"          M96.93,452.64c0-1.649,1.34-3,2.99-3s3,1.351,3,3c0,1.65-1.35,2.99-3,2.99S96.93,454.29,96.93,452.64",SVGID_6495_,96.575,449.285,6.7,6.7,305
url(#SVGID_6514_),none,#0096C7,0.71,round,round,10,"          M74.37,448.98c0-1.74,1.42-3.16,3.16-3.16c1.73,0,3.15,1.42,3.15,3.16c0,1.729-1.42,3.149-3.15,3.149          C75.79,452.13,74.37,450.71,74.37,448.98",SVGID_6513_,74.015,445.465,7.02,7.021,306
url(#SVGID_6532_),none,#0096C7,0.71,round,round,10,"          M198.92,415.94c0-1.261,1.03-2.28,2.28-2.28c1.26,0,2.28,1.02,2.28,2.28c0,1.25-1.02,2.279-2.28,2.279          C199.95,418.22,198.92,417.19,198.92,415.94",SVGID_6531_,198.565,413.305,5.27,5.271,307
url(#SVGID_6550_),none,#FFFB46,0.71,round,round,10,"          M79.19,495.7c0-1.601,1.31-2.9,2.9-2.9c1.6,0,2.9,1.3,2.9,2.9c0,1.59-1.3,2.899-2.9,2.899          C80.5,498.6,79.19,497.29,79.19,495.7",SVGID_6549_,78.835,492.445,6.51,6.51,308
url(#SVGID_6568_),none,#FFFB46,0.71,round,round,10,"          M69.6,475.54c0-2.08,1.7-3.78,3.78-3.78s3.78,1.7,3.78,3.78c0,2.07-1.7,3.77-3.78,3.77S69.6,477.61,69.6,475.54",SVGID_6567_,69.245,471.405,8.27,8.26,309
url(#SVGID_6586_),none,#FFFB46,0.71,round,round,10,"          M58.86,477.25c0-1.15,0.93-2.08,2.08-2.08c1.14,0,2.08,0.93,2.08,2.08s-0.94,2.08-2.08,2.08          C59.79,479.33,58.86,478.4,58.86,477.25",SVGID_6585_,58.505,474.815,4.87,4.869,310
url(#SVGID_6604_),none,#FFFB46,0.71,round,round,10,"          M88.3,483.01c0-3.26,2.67-5.939,5.93-5.939c3.27,0,5.94,2.68,5.94,5.939s-2.67,5.931-5.94,5.931          C90.97,488.94,88.3,486.27,88.3,483.01",SVGID_6603_,87.945,476.715,12.58,12.58,311
url(#SVGID_6622_),none,#FFFB46,0.71,round,round,10,"          M95.81,493.99c0-2.65,2.17-4.83,4.83-4.83c2.65,0,4.83,2.18,4.83,4.83c0,2.66-2.18,4.83-4.83,4.83          C97.98,498.82,95.81,496.65,95.81,493.99",SVGID_6621_,95.455,488.805,10.37,10.37,312
url(#SVGID_6640_),none,#FFFB46,0.71,round,round,10,"          M67.46,570.33c0-1.21,0.99-2.2,2.2-2.2s2.2,0.99,2.2,2.2s-0.99,2.21-2.2,2.21S67.46,571.54,67.46,570.33",SVGID_6639_,67.105,567.775,5.11,5.119,313
url(#SVGID_6658_),none,#9D0208,0.71,round,round,10,"          M53.93,514.92c0-4.6,3.77-8.36,8.36-8.36c4.6,0,8.36,3.761,8.36,8.36s-3.76,8.36-8.36,8.36          C57.7,523.28,53.93,519.52,53.93,514.92",SVGID_6657_,53.575,506.205,17.43,17.43,314
url(#SVGID_6676_),none,#9D0208,0.71,round,round,10,"          M86.79,525.95c0-2.32,1.91-4.23,4.23-4.23s4.23,1.91,4.23,4.23c0,2.33-1.91,4.229-4.23,4.229S86.79,528.28,86.79,525.95",SVGID_6675_,86.435,521.365,9.17,9.17,315
url(#SVGID_6694_),none,#594A26,0.71,round,round,10,"          M350.45,87.67c0-1.95,1.59-3.54,3.53-3.54s3.53,1.59,3.53,3.54c0,1.94-1.59,3.53-3.53,3.53S350.45,89.61,350.45,87.67",SVGID_6693_,350.095,83.775,7.77,7.78,316
url(#SVGID_6712_),none,#594A26,0.71,round,round,10,"          M314.35,35.05c0-1.68,1.38-3.05,3.05-3.05c1.68,0,3.05,1.37,3.05,3.05c0,1.67-1.37,3.04-3.05,3.04          C315.73,38.09,314.35,36.72,314.35,35.05",SVGID_6711_,313.995,31.645,6.81,6.8,317
url(#SVGID_6730_),none,#594A26,0.71,round,round,10,"          M295.2,52.17c0-4.65,3.81-8.46,8.46-8.46c4.65,0,8.46,3.81,8.46,8.46s-3.81,8.46-8.46,8.46          C299.01,60.63,295.2,56.82,295.2,52.17",SVGID_6729_,294.845,43.355,17.63,17.63,318
url(#SVGID_6748_),none,#594A26,0.71,round,round,10,"          M317.92,65.14c0-4.75,3.89-8.64,8.65-8.64c4.75,0,8.65,3.89,8.65,8.64c0,4.76-3.9,8.65-8.65,8.65          C321.81,73.79,317.92,69.9,317.92,65.14",SVGID_6747_,317.565,56.145,18.01,18.0,319
url(#SVGID_6766_),none,#594A26,0.71,round,round,10,"          M337.48,78.98c0-1.82,1.49-3.31,3.31-3.31s3.31,1.49,3.31,3.31s-1.49,3.31-3.31,3.31S337.48,80.8,337.48,78.98",SVGID_6765_,337.125,75.315,7.33,7.33,320
url(#SVGID_6784_),none,#594A26,0.71,round,round,10,"          M368.24,62.02c0-1.56,1.27-2.83,2.83-2.83c1.56,0,2.83,1.27,2.83,2.83s-1.271,2.83-2.83,2.83          C369.51,64.85,368.24,63.58,368.24,62.02",SVGID_6783_,367.885,58.835,6.37,6.37,321
url(#SVGID_6802_),none,#594A26,0.71,round,round,10,"          M397.11,84.73c0-1.51,1.239-2.75,2.75-2.75c1.51,0,2.75,1.24,2.75,2.75c0,1.51-1.24,2.75-2.75,2.75          C398.35,87.48,397.11,86.24,397.11,84.73",SVGID_6801_,396.755,81.625,6.21,6.21,322
url(#SVGID_6820_),none,#594A26,0.71,round,round,10,"          M408.69,58.03c0-1.93,1.59-3.52,3.52-3.52c1.94,0,3.521,1.59,3.521,3.52c0,1.93-1.58,3.52-3.521,3.52          C410.28,61.55,408.69,59.96,408.69,58.03",SVGID_6819_,408.335,54.155,7.75,7.75,323
url(#SVGID_6838_),none,#594A26,0.71,round,round,10,"          M416.62,78.72c0-0.979,0.81-1.79,1.79-1.79c0.99,0,1.79,0.81,1.79,1.79c0,0.99-0.8,1.79-1.79,1.79          C417.43,80.51,416.62,79.71,416.62,78.72",SVGID_6837_,416.265,76.575,4.29,4.29,324
url(#SVGID_6856_),none,#594A26,0.71,round,round,10,"          M415.61,31.55c0-1.27,1.04-2.31,2.31-2.31c1.271,0,2.3,1.04,2.3,2.31c0,1.27-1.029,2.31-2.3,2.31          C416.65,33.86,415.61,32.82,415.61,31.55",SVGID_6855_,415.255,28.885,5.32,5.33,325
url(#SVGID_6874_),none,#03045E,0.71,round,round,10,"          M128.34,139.41c0-4.5,3.68-8.18,8.18-8.18s8.19,3.68,8.19,8.18s-3.69,8.19-8.19,8.19S128.34,143.91,128.34,139.41",SVGID_6873_,127.985,130.875,17.08,17.08,326
url(#SVGID_6892_),none,#03045E,0.71,round,round,10,"          M79.58,243.57c0-6.06,4.96-11.02,11.03-11.02c6.06,0,11.02,4.96,11.02,11.02c0,6.07-4.96,11.03-11.02,11.03          C84.54,254.6,79.58,249.64,79.58,243.57",SVGID_6891_,79.225,232.195,22.76,22.76,327
url(#SVGID_6910_),none,#996B2E,0.71,round,round,10,"          M385.75,101.88c0-1.53,1.25-2.78,2.78-2.78c1.529,0,2.779,1.25,2.779,2.78c0,1.53-1.25,2.78-2.779,2.78          C387,104.66,385.75,103.41,385.75,101.88",SVGID_6909_,385.395,98.745,6.271,6.27,328
url(#SVGID_6928_),none,#858881,0.71,round,round,10,"          M412.46,97.26c0-1.439,1.17-2.62,2.62-2.62c1.439,0,2.61,1.18,2.61,2.62c0,1.44-1.171,2.62-2.61,2.62          C413.63,99.88,412.46,98.7,412.46,97.26",SVGID_6927_,412.105,94.285,5.939,5.95,329
url(#SVGID_6946_),none,#858881,0.71,round,round,10,"          M420.15,125.58c0-2.45,2-4.44,4.439-4.44c2.45,0,4.45,1.99,4.45,4.44c0,2.44-2,4.44-4.45,4.44          C422.15,130.02,420.15,128.02,420.15,125.58",SVGID_6945_,419.795,120.785,9.6,9.59,330
url(#SVGID_6964_),none,#858881,0.71,round,round,10,"          M441.9,69.85c0-3.09,2.529-5.62,5.609-5.62c3.09,0,5.61,2.53,5.61,5.62c0,3.08-2.521,5.61-5.61,5.61          C444.43,75.46,441.9,72.93,441.9,69.85",SVGID_6963_,441.545,63.875,11.93,11.94,331
url(#SVGID_6982_),none,#858881,0.71,round,round,10,"          M436.29,94.68c0-2.72,2.229-4.95,4.95-4.95c2.729,0,4.96,2.23,4.96,4.95c0,2.73-2.23,4.96-4.96,4.96          C438.52,99.64,436.29,97.41,436.29,94.68",SVGID_6981_,435.935,89.375,10.62,10.62,332
url(#SVGID_7000_),none,#858881,0.71,round,round,10,"          M488.38,73.24c0-4.16,3.4-7.57,7.561-7.57c4.159,0,7.56,3.41,7.56,7.57c0,4.15-3.4,7.56-7.56,7.56          C491.78,80.8,488.38,77.39,488.38,73.24",SVGID_6999_,488.025,65.315,15.83,15.84,333
url(#SVGID_7018_),none,#825F45,0.71,round,round,10,"          M205.3,81.49c0-4.14,3.38-7.53,7.52-7.53c4.14,0,7.53,3.39,7.53,7.53c0,4.14-3.39,7.52-7.53,7.52          C208.68,89.01,205.3,85.63,205.3,81.49",SVGID_7017_,204.945,73.605,15.76,15.76,334
url(#SVGID_7036_),none,#825F45,0.71,round,round,10,"          M203.15,100.67c0-2.19,1.79-3.98,3.98-3.98s3.98,1.79,3.98,3.98c0,2.18-1.79,3.97-3.98,3.97S203.15,102.85,203.15,100.67",SVGID_7035_,202.795,96.335,8.67,8.66,335
url(#SVGID_7054_),none,#825F45,0.71,round,round,10,"          M194.18,105.03c0-0.74,0.61-1.35,1.36-1.35c0.74,0,1.35,0.61,1.35,1.35c0,0.75-0.61,1.36-1.35,1.36          C194.79,106.39,194.18,105.78,194.18,105.03",SVGID_7053_,193.825,103.325,3.42,3.42,336
url(#SVGID_7072_),none,#825F45,0.71,round,round,10,"          M180.07,99.28c0-1.14,0.93-2.07,2.07-2.07c1.15,0,2.08,0.93,2.08,2.07c0,1.14-0.93,2.07-2.08,2.07          C181,101.35,180.07,100.42,180.07,99.28",SVGID_7071_,179.715,96.855,4.86,4.85,337
url(#SVGID_7090_),none,#825F45,0.71,round,round,10,"          M172.79,92.52c0-1.23,1-2.24,2.23-2.24s2.23,1.01,2.23,2.24c0,1.22-1,2.23-2.23,2.23S172.79,93.74,172.79,92.52",SVGID_7089_,172.435,89.925,5.17,5.18,338
